Simulation Iteration,Q-Value,Q-value Difference
0.0,1.0,
8.0,0.9100042854066716,0.08999571459332845
126.0,7.454781920611683,6.544777635205012
146.0,8.770551257594468,1.3157693369827843
173.0,8.90327126213947,0.13272000454500166
191.0,8.916681294387606,0.013410032248136972
242.0,8.91803741566333,0.0013561212757231544
287.0,8.918174984909038,0.0001375692457088462
290.0,8.918188982188806,1.3997279767252735e-05
353.0,8.918190406047556,1.4238587500159383e-06
421.0,8.918190551430909,1.4538335335601005e-07
461.0,8.91819056633848,1.4907570289324212e-08
515.0,8.91819056787059,1.5321113266963948e-09
555.0,8.983667249420131,0.06547668154954067
559.0,8.990436391023716,0.006769141603584217
613.0,8.991136128759639,0.0006997377359230228
731.0,8.991208660588816,7.253182917743572e-05
787.0,8.991428149153569,0.00021948856475262346
810.0,8.99145114777506,2.2998621490799565e-05
1082.0,8.991453556771098,2.408996039093836e-06
1411.0,8.99145381298105,2.562099510328153e-07
1536.0,8.991453840779489,2.779843910616364e-08
1741.0,8.998197337185614,0.00674349640612526
1861.0,8.998942490297065,0.000745153111450847
1873.0,8.999025430598,8.294030093480842e-05
1882.0,8.999034668587726,9.237989726074147e-06
1937.0,8.999035697706498,1.0291187724220663e-06
2009.0,8.999035812679708,1.1497320961950663e-07
2138.0,8.999035825569502,1.2889794120951592e-08
2155.0,8.999794335226213,0.0007585096567108707
2214.0,8.999880081407305,8.574618109236098e-05
2243.0,8.999975415282911,9.533387560622941e-05
2248.0,8.999986246914926,1.0831632014429715e-05
2414.0,8.999987476561,1.2296460738525639e-06
2481.0,8.99999730456066,9.827999660316777e-06
2670.0,8.999998433874167,1.1293135067091953e-06
2730.0,8.999998565038487,1.3116432029391945e-07
2742.0,8.999998580324865,1.5286378385326316e-08
2748.0,8.999998582107573,1.7827073151011064e-09
2773.0,8.999998582315511,2.0793855526335392e-10
2797.0,8.999998582339796,2.4284574351440824e-11
2833.0,8.999998582342636,2.8403945862010005e-12
2902.0,8.999998582342968,3.3217872896784684e-13
3012.0,8.999999684683992,1.1023410237953613e-06
3065.0,8.999999945157231,2.60473239421799e-07
3136.0,8.999999976025107,3.086787536688007e-08
3180.0,8.999999979696968,3.6718610374464333e-09
3188.0,8.999999980134827,4.3785952641428594e-10
3201.0,8.99999998018706,5.2231996505724965e-11
3238.0,8.999999980193293,6.233236149455479e-12
3240.0,8.999999980194039,7.460698725481052e-13
3317.0,8.999999980194128,8.881784197001252e-14
3458.0,8.999999980194138,1.0658141036401503e-14
3481.0,8.99999998019414,1.7763568394002505e-15
3497.0,8.99999998019414,0.0
3578.0,8.99999998019414,0.0
3719.0,8.99999998019414,0.0
3867.0,8.999999995415733,1.522159287503655e-08
3876.0,8.99999999729335,1.8776180610302617e-09
3906.0,8.999999997525027,2.3167601170825947e-10
3955.0,8.999999997553651,2.8624214110095636e-11
4039.0,8.999999997557193,3.5420555377640994e-12
4139.0,8.999999997557634,4.405364961712621e-13
4174.0,8.999999997557689,5.5067062021407764e-14
4192.0,8.999999997557696,7.105427357601002e-15
4251.0,8.999999997557698,1.7763568394002505e-15
4260.0,8.999999997557698,0.0
4317.0,8.999999997557698,0.0
4331.0,8.999999997557698,0.0
4529.0,8.99999999965495,2.097252149724227e-09
4581.0,8.999999999921833,2.6688340426517243e-10
4588.0,8.999999999955888,3.40545369681422e-11
4599.0,8.999999999960234,4.346745186012413e-12
4650.0,8.999999999960789,5.542233338928781e-13
4736.0,8.99999999996086,7.105427357601002e-14
4828.0,8.99999999996087,1.0658141036401503e-14
4909.0,8.99999999996087,0.0
4973.0,8.99999999996087,0.0
4980.0,8.99999999996087,0.0
5109.0,8.99999999996087,0.0
5157.0,8.99999999996087,0.0
5188.0,8.99999999996087,0.0
5210.0,8.99999999996087,0.0
5222.0,8.99999999996087,0.0
5296.0,8.99999999996087,0.0
5327.0,8.99999999996087,0.0
5472.0,8.999999999990306,2.943600918570155e-11
5474.0,8.999999999994216,3.909761403519951e-12
5516.0,8.999999999994737,5.204725539442734e-13
5788.0,8.999999999994806,6.927791673660977e-14
5888.0,8.99999999999831,3.504752044136694e-12
6247.0,8.999999999998845,5.346834086594754e-13
6264.0,8.99999999999892,7.460698725481052e-14
6304.0,8.999999999998929,8.881784197001252e-15
6369.0,8.999999999999236,3.0730973321624333e-13
6571.0,8.999999999999755,5.186961971048731e-13
6587.0,8.999999999999828,7.283063041541027e-14
6819.0,8.999999999999845,1.7763568394002505e-14
6933.0,8.999999999999892,4.618527782440651e-14
7122.0,8.999999999999897,5.329070518200751e-15
7349.0,8.999999999999972,7.460698725481052e-14
7510.0,8.999999999999982,1.0658141036401503e-14
7600.0,8.999999999999984,1.7763568394002505e-15
7692.0,8.999999999999984,0.0
7736.0,8.999999999999984,0.0
7774.0,8.999999999999984,0.0
7931.0,8.999999999999984,0.0
8036.0,8.999999999999984,0.0
8063.0,8.999999999999993,8.881784197001252e-15
8093.0,8.999999999999995,1.7763568394002505e-15
8148.0,8.999999999999995,0.0
8261.0,8.999999999999995,0.0
8484.0,8.999999999999995,0.0
8546.0,8.999999999999995,0.0
8709.0,8.999999999999996,1.7763568394002505e-15
8747.0,8.999999999999996,0.0
8796.0,8.999999999999996,0.0
8892.0,8.999999999999996,0.0
8989.0,8.999999999999996,0.0
9031.0,8.999999999999996,0.0
9059.0,8.999999999999996,0.0
9063.0,8.999999999999996,0.0
9193.0,8.999999999999996,0.0
9219.0,8.999999999999996,0.0
9305.0,8.999999999999998,1.7763568394002505e-15
9381.0,8.999999999999998,0.0
9447.0,8.999999999999998,0.0
9461.0,8.999999999999998,0.0
9490.0,8.999999999999998,0.0
9565.0,8.999999999999998,0.0
9698.0,8.999999999999998,0.0
9742.0,8.999999999999998,0.0
9802.0,8.999999999999998,0.0
9924.0,8.999999999999998,0.0
10054.0,8.999999999999998,0.0
10060.0,8.999999999999998,0.0
10131.0,8.999999999999998,0.0
10137.0,8.999999999999998,0.0
10153.0,8.999999999999998,0.0
10203.0,8.999999999999998,0.0
10226.0,8.999999999999998,0.0
10304.0,8.999999999999998,0.0
10401.0,8.999999999999998,0.0
10469.0,8.999999999999998,0.0
10559.0,8.999999999999998,0.0
10589.0,8.999999999999998,0.0
10630.0,8.999999999999998,0.0
10654.0,8.999999999999998,0.0
10732.0,8.999999999999998,0.0
10741.0,8.999999999999998,0.0
10821.0,8.999999999999998,0.0
11045.0,8.999999999999998,0.0
11131.0,8.999999999999998,0.0
11160.0,8.999999999999998,0.0
11240.0,8.999999999999998,0.0
11247.0,8.999999999999998,0.0
11256.0,8.999999999999998,0.0
11267.0,8.999999999999998,0.0
11291.0,8.999999999999998,0.0
11315.0,8.999999999999998,0.0
11349.0,8.999999999999998,0.0
11403.0,8.999999999999998,0.0
11430.0,8.999999999999998,0.0
11632.0,8.999999999999998,0.0
11726.0,8.999999999999998,0.0
11760.0,8.999999999999998,0.0
11769.0,8.999999999999998,0.0
11801.0,8.999999999999998,0.0
11887.0,8.999999999999998,0.0
11910.0,8.999999999999998,0.0
11931.0,8.999999999999998,0.0
11969.0,8.999999999999998,0.0
11997.0,8.999999999999998,0.0
12102.0,8.999999999999998,0.0
12113.0,8.999999999999998,0.0
12156.0,8.999999999999998,0.0
12239.0,8.999999999999998,0.0
12343.0,8.999999999999996,1.7763568394002505e-15
12680.0,8.999999999999996,0.0
12696.0,8.999999999999996,0.0
12754.0,8.999999999999996,0.0
12853.0,8.999999999999998,1.7763568394002505e-15
12928.0,8.999999999999998,0.0
13023.0,8.999999999999998,0.0
13150.0,8.999999999999998,0.0
13181.0,8.999999999999998,0.0
13289.0,8.999999999999998,0.0
13347.0,8.999999999999998,0.0
13373.0,8.999999999999998,0.0
13395.0,8.999999999999998,0.0
13513.0,8.999999999999998,0.0
13528.0,8.999999999999998,0.0
13556.0,8.999999999999998,0.0
13636.0,8.999999999999998,0.0
13652.0,8.999999999999998,0.0
13709.0,8.999999999999998,0.0
13763.0,8.999999999999998,0.0
14128.0,8.999999999999998,0.0
14686.0,8.999999999999998,0.0
14769.0,8.999999999999998,0.0
15119.0,8.999999999999998,0.0
15139.0,8.999999999999998,0.0
15155.0,8.999999999999998,0.0
15173.0,8.999999999999998,0.0
15252.0,9.0,1.7763568394002505e-15
15502.0,9.0,0.0
15564.0,9.0,0.0
15584.0,9.0,0.0
15688.0,9.0,0.0
15707.0,9.0,0.0
15801.0,9.0,0.0
15805.0,9.0,0.0
15867.0,9.0,0.0
15886.0,9.0,0.0
15925.0,9.0,0.0
15944.0,9.0,0.0
15978.0,9.0,0.0
16064.0,9.0,0.0
16124.0,9.0,0.0
16180.0,9.0,0.0
16202.0,9.0,0.0
16287.0,9.0,0.0
16442.0,9.0,0.0
16566.0,9.0,0.0
16604.0,9.0,0.0
16726.0,9.0,0.0
16770.0,9.0,0.0
16854.0,9.0,0.0
16863.0,9.0,0.0
16870.0,9.0,0.0
16935.0,9.0,0.0
17021.0,9.0,0.0
17043.0,9.0,0.0
17089.0,9.0,0.0
17162.0,9.0,0.0
17201.0,9.0,0.0
17309.0,9.0,0.0
17362.0,9.0,0.0
17489.0,9.0,0.0
17683.0,9.0,0.0
17702.0,9.0,0.0
17764.0,9.0,0.0
17784.0,9.0,0.0
17807.0,9.0,0.0
17882.0,9.0,0.0
18106.0,9.0,0.0
18208.0,9.0,0.0
18231.0,9.0,0.0
18284.0,9.0,0.0
18333.0,9.0,0.0
18377.0,9.0,0.0
18382.0,9.0,0.0
18569.0,8.999999999999998,1.7763568394002505e-15
18706.0,8.999999999999998,0.0
18716.0,8.999999999999998,0.0
18734.0,8.999999999999998,0.0
18814.0,8.999999999999998,0.0
19014.0,8.999999999999998,0.0
19052.0,8.999999999999998,0.0
19054.0,8.999999999999998,0.0
19084.0,8.999999999999998,0.0
19087.0,8.999999999999998,0.0
19090.0,8.999999999999998,0.0
19097.0,8.999999999999998,0.0
19218.0,8.999999999999998,0.0
19310.0,8.999999999999998,0.0
19354.0,8.999999999999998,0.0
19356.0,8.999999999999998,0.0
19464.0,8.999999999999998,0.0
19484.0,8.999999999999998,0.0
19509.0,8.999999999999998,0.0
19608.0,8.999999999999998,0.0
19615.0,8.999999999999998,0.0
19630.0,8.999999999999998,0.0
19772.0,8.999999999999998,0.0
19995.0,8.999999999999998,0.0
20109.0,8.999999999999998,0.0
20128.0,8.999999999999998,0.0
20341.0,8.999999999999998,0.0
20493.0,8.999999999999998,0.0
20675.0,8.999999999999998,0.0
20692.0,8.999999999999998,0.0
20703.0,8.999999999999998,0.0
20714.0,8.999999999999998,0.0
20721.0,8.999999999999998,0.0
20789.0,8.999999999999998,0.0
20835.0,8.999999999999998,0.0
20912.0,8.999999999999998,0.0
21312.0,8.999999999999998,0.0
21352.0,8.999999999999998,0.0
21459.0,8.999999999999998,0.0
21479.0,8.999999999999998,0.0
21576.0,8.999999999999998,0.0
21596.0,8.999999999999998,0.0
21631.0,8.999999999999998,0.0
21644.0,8.999999999999998,0.0
21694.0,8.999999999999998,0.0
21711.0,8.999999999999998,0.0
21745.0,8.999999999999998,0.0
21764.0,8.999999999999998,0.0
22171.0,8.999999999999998,0.0
22178.0,8.999999999999998,0.0
22203.0,8.999999999999998,0.0
22433.0,8.999999999999998,0.0
22453.0,8.999999999999998,0.0
22517.0,8.999999999999998,0.0
22525.0,8.999999999999998,0.0
22724.0,8.999999999999998,0.0
22759.0,8.999999999999998,0.0
22784.0,8.999999999999998,0.0
22824.0,8.999999999999998,0.0
22912.0,8.999999999999998,0.0
22976.0,8.999999999999998,0.0
23172.0,8.999999999999998,0.0
23244.0,8.999999999999998,0.0
23250.0,8.999999999999998,0.0
23458.0,8.999999999999998,0.0
23506.0,8.999999999999998,0.0
23519.0,8.999999999999998,0.0
23561.0,8.999999999999998,0.0
23670.0,8.999999999999998,0.0
23698.0,8.999999999999998,0.0
23988.0,8.999999999999998,0.0
24145.0,8.999999999999998,0.0
24170.0,8.999999999999998,0.0
24184.0,8.999999999999998,0.0
24258.0,8.999999999999998,0.0
24278.0,8.999999999999998,0.0
24349.0,8.999999999999998,0.0
24362.0,8.999999999999998,0.0
24369.0,8.999999999999998,0.0
24397.0,8.999999999999998,0.0
24508.0,8.999999999999998,0.0
24556.0,8.999999999999998,0.0
24590.0,8.999999999999998,0.0
24771.0,8.999999999999998,0.0
24795.0,8.999999999999998,0.0
25088.0,8.999999999999998,0.0
25186.0,8.999999999999998,0.0
25306.0,8.999999999999998,0.0
25426.0,8.999999999999998,0.0
25440.0,8.999999999999998,0.0
25501.0,8.999999999999998,0.0
25594.0,8.999999999999998,0.0
25846.0,8.999999999999998,0.0
25930.0,8.999999999999998,0.0
25957.0,8.999999999999998,0.0
26024.0,8.999999999999998,0.0
26091.0,8.999999999999998,0.0
26209.0,8.999999999999998,0.0
26212.0,8.999999999999998,0.0
26298.0,8.999999999999998,0.0
26372.0,8.999999999999998,0.0
26407.0,8.999999999999998,0.0
26430.0,8.999999999999998,0.0
26640.0,8.999999999999998,0.0
26783.0,8.999999999999998,0.0
26804.0,8.999999999999998,0.0
26811.0,8.999999999999998,0.0
26815.0,8.999999999999998,0.0
26834.0,8.999999999999998,0.0
26963.0,8.999999999999998,0.0
27012.0,8.999999999999998,0.0
27091.0,8.999999999999998,0.0
27095.0,8.999999999999998,0.0
27336.0,8.999999999999998,0.0
27341.0,8.999999999999998,0.0
27416.0,8.999999999999998,0.0
27626.0,8.999999999999998,0.0
27813.0,8.999999999999998,0.0
27817.0,8.999999999999998,0.0
28057.0,8.999999999999998,0.0
28175.0,8.999999999999998,0.0
28251.0,8.999999999999998,0.0
28338.0,8.999999999999998,0.0
28446.0,8.999999999999998,0.0
28574.0,8.999999999999998,0.0
28587.0,8.999999999999998,0.0
28595.0,8.999999999999998,0.0
28706.0,8.999999999999998,0.0
28721.0,8.999999999999998,0.0
28885.0,8.999999999999998,0.0
28981.0,8.999999999999998,0.0
29034.0,8.999999999999998,0.0
29124.0,8.999999999999998,0.0
29239.0,8.999999999999998,0.0
29249.0,8.999999999999998,0.0
29307.0,8.999999999999998,0.0
29480.0,8.999999999999998,0.0
29729.0,8.999999999999998,0.0
29791.0,8.999999999999998,0.0
30041.0,8.999999999999998,0.0
30066.0,8.999999999999998,0.0
30098.0,8.999999999999998,0.0
30219.0,8.999999999999998,0.0
30306.0,8.999999999999998,0.0
30550.0,8.999999999999998,0.0
30574.0,8.999999999999998,0.0
30653.0,8.999999999999998,0.0
30881.0,8.999999999999998,0.0
30980.0,8.999999999999998,0.0
31099.0,8.999999999999998,0.0
31458.0,8.999999999999998,0.0
31507.0,8.999999999999998,0.0
31619.0,8.999999999999998,0.0
31681.0,8.999999999999998,0.0
31688.0,8.999999999999998,0.0
31842.0,8.999999999999998,0.0
32348.0,8.999999999999998,0.0
32457.0,8.999999999999998,0.0
32535.0,8.999999999999998,0.0
32566.0,8.999999999999998,0.0
32651.0,8.999999999999998,0.0
32769.0,8.999999999999998,0.0
33111.0,8.999999999999998,0.0
33135.0,8.999999999999998,0.0
33138.0,8.999999999999998,0.0
33304.0,8.999999999999998,0.0
33417.0,8.999999999999998,0.0
33619.0,8.999999999999998,0.0
33748.0,8.999999999999998,0.0
33807.0,8.999999999999998,0.0
34096.0,8.999999999999998,0.0
34396.0,8.999999999999998,0.0
34409.0,8.999999999999998,0.0
34464.0,8.999999999999998,0.0
34643.0,8.999999999999996,1.7763568394002505e-15
34707.0,8.999999999999996,0.0
34732.0,8.999999999999996,0.0
34993.0,8.999999999999996,0.0
35159.0,8.999999999999996,0.0
35228.0,8.999999999999996,0.0
35243.0,8.999999999999996,0.0
35469.0,8.999999999999996,0.0
35566.0,8.999999999999996,0.0
35608.0,8.999999999999996,0.0
35666.0,8.999999999999996,0.0
35721.0,8.999999999999996,0.0
35811.0,8.999999999999996,0.0
35918.0,8.999999999999996,0.0
35939.0,8.999999999999996,0.0
36030.0,8.999999999999996,0.0
36043.0,8.999999999999996,0.0
36060.0,8.999999999999996,0.0
36065.0,8.999999999999996,0.0
36193.0,8.999999999999996,0.0
36310.0,8.999999999999996,0.0
36324.0,8.999999999999998,1.7763568394002505e-15
36339.0,8.999999999999998,0.0
36357.0,8.999999999999998,0.0
36379.0,8.999999999999998,0.0
36389.0,8.999999999999998,0.0
36872.0,8.999999999999996,1.7763568394002505e-15
36959.0,8.999999999999996,0.0
37122.0,8.999999999999996,0.0
37172.0,8.999999999999996,0.0
37262.0,8.999999999999996,0.0
37309.0,8.999999999999996,0.0
37382.0,8.999999999999996,0.0
37677.0,8.999999999999996,0.0
37871.0,8.999999999999996,0.0
38003.0,8.999999999999998,1.7763568394002505e-15
38062.0,8.999999999999998,0.0
38133.0,8.999999999999998,0.0
38173.0,8.999999999999998,0.0
38209.0,8.999999999999998,0.0
38215.0,8.999999999999998,0.0
38428.0,8.999999999999996,1.7763568394002505e-15
38674.0,8.999999999999996,0.0
38709.0,8.999999999999996,0.0
38750.0,8.999999999999996,0.0
38889.0,8.999999999999996,0.0
39166.0,8.999999999999996,0.0
39221.0,8.999999999999996,0.0
39274.0,8.999999999999996,0.0
39536.0,8.999999999999998,1.7763568394002505e-15
39567.0,8.999999999999998,0.0
39715.0,8.999999999999998,0.0
39783.0,8.999999999999998,0.0
39917.0,8.999999999999998,0.0
39976.0,8.999999999999998,0.0
40099.0,8.999999999999998,0.0
40102.0,8.999999999999998,0.0
40140.0,8.999999999999998,0.0
40153.0,8.999999999999998,0.0
40228.0,8.999999999999998,0.0
40618.0,8.999999999999998,0.0
40638.0,8.999999999999998,0.0
40664.0,8.999999999999998,0.0
40728.0,8.999999999999998,0.0
40732.0,8.999999999999998,0.0
41059.0,8.999999999999998,0.0
41101.0,8.999999999999998,0.0
41125.0,8.999999999999998,0.0
41311.0,8.999999999999998,0.0
41405.0,9.0,1.7763568394002505e-15
41413.0,9.0,0.0
41523.0,9.0,0.0
41601.0,8.999999999999998,1.7763568394002505e-15
41732.0,8.999999999999998,0.0
41953.0,8.999999999999998,0.0
42035.0,8.999999999999998,0.0
42208.0,8.999999999999998,0.0
42310.0,8.999999999999998,0.0
42337.0,8.999999999999998,0.0
42373.0,8.999999999999998,0.0
42503.0,8.999999999999998,0.0
42569.0,8.999999999999998,0.0
42584.0,8.999999999999998,0.0
42666.0,8.999999999999998,0.0
42933.0,8.999999999999998,0.0
43021.0,8.999999999999998,0.0
43115.0,9.0,1.7763568394002505e-15
43213.0,9.0,0.0
43266.0,9.0,0.0
43268.0,9.0,0.0
43402.0,9.0,0.0
43421.0,9.0,0.0
43472.0,9.0,0.0
43607.0,9.0,0.0
43790.0,9.0,0.0
43819.0,9.0,0.0
43841.0,9.0,0.0
43890.0,9.0,0.0
44037.0,9.0,0.0
44046.0,9.0,0.0
44367.0,9.0,0.0
44412.0,9.0,0.0
44511.0,9.0,0.0
44582.0,9.0,0.0
44832.0,9.0,0.0
44867.0,8.999999999999998,1.7763568394002505e-15
45077.0,8.999999999999998,0.0
45090.0,8.999999999999998,0.0
45137.0,8.999999999999998,0.0
45191.0,8.999999999999998,0.0
45285.0,8.999999999999998,0.0
45437.0,8.999999999999998,0.0
45440.0,8.999999999999998,0.0
45475.0,8.999999999999998,0.0
45797.0,8.999999999999998,0.0
46014.0,8.999999999999998,0.0
46112.0,8.999999999999998,0.0
46354.0,8.999999999999998,0.0
46423.0,8.999999999999998,0.0
46444.0,8.999999999999998,0.0
46484.0,8.999999999999998,0.0
46849.0,8.999999999999998,0.0
46862.0,8.999999999999998,0.0
47127.0,8.999999999999998,0.0
47155.0,8.999999999999998,0.0
47215.0,8.999999999999998,0.0
47256.0,8.999999999999998,0.0
47283.0,8.999999999999998,0.0
47337.0,8.999999999999998,0.0
47361.0,8.999999999999998,0.0
47368.0,8.999999999999998,0.0
47384.0,8.999999999999998,0.0
47388.0,8.999999999999998,0.0
47590.0,8.999999999999998,0.0
47705.0,8.999999999999998,0.0
47752.0,8.999999999999998,0.0
47804.0,8.999999999999998,0.0
47830.0,8.999999999999998,0.0
47984.0,8.999999999999998,0.0
48024.0,8.999999999999998,0.0
48106.0,8.999999999999998,0.0
48112.0,8.999999999999998,0.0
48278.0,8.999999999999998,0.0
48458.0,8.999999999999998,0.0
48504.0,8.999999999999998,0.0
48560.0,8.999999999999998,0.0
48648.0,8.999999999999998,0.0
48735.0,8.999999999999998,0.0
48841.0,8.999999999999998,0.0
48890.0,8.999999999999998,0.0
48935.0,8.999999999999998,0.0
49016.0,8.999999999999998,0.0
49024.0,8.999999999999998,0.0
49028.0,8.999999999999998,0.0
49044.0,8.999999999999998,0.0
49190.0,8.999999999999998,0.0
49369.0,8.999999999999998,0.0
49393.0,8.999999999999998,0.0
49575.0,8.999999999999998,0.0
49626.0,8.999999999999998,0.0
49658.0,8.999999999999998,0.0
49853.0,8.999999999999998,0.0
50464.0,8.999999999999998,0.0
50596.0,8.999999999999998,0.0
50698.0,8.999999999999998,0.0
50705.0,8.999999999999998,0.0
50791.0,8.999999999999998,0.0
50795.0,8.999999999999998,0.0
50907.0,8.999999999999998,0.0
50913.0,9.0,1.7763568394002505e-15
51003.0,9.0,0.0
51030.0,9.0,0.0
51157.0,8.999999999999998,1.7763568394002505e-15
51240.0,8.999999999999998,0.0
51256.0,8.999999999999998,0.0
51417.0,8.999999999999998,0.0
51457.0,8.999999999999998,0.0
51741.0,9.0,1.7763568394002505e-15
51837.0,9.0,0.0
51864.0,9.0,0.0
52032.0,9.0,0.0
52123.0,9.0,0.0
52239.0,9.0,0.0
52469.0,9.0,0.0
52485.0,9.0,0.0
52522.0,9.0,0.0
52534.0,9.0,0.0
52555.0,9.0,0.0
52621.0,9.0,0.0
52712.0,9.0,0.0
52753.0,9.0,0.0
52766.0,9.0,0.0
52769.0,9.0,0.0
52841.0,8.999999999999998,1.7763568394002505e-15
52943.0,8.999999999999998,0.0
53162.0,8.999999999999998,0.0
53187.0,8.999999999999998,0.0
53360.0,8.999999999999998,0.0
53362.0,8.999999999999998,0.0
53458.0,8.999999999999998,0.0
53540.0,8.999999999999998,0.0
53558.0,8.999999999999998,0.0
53658.0,8.999999999999998,0.0
53706.0,8.999999999999998,0.0
53788.0,8.999999999999998,0.0
53824.0,8.999999999999998,0.0
53958.0,8.999999999999998,0.0
54133.0,8.999999999999998,0.0
54251.0,8.999999999999998,0.0
54262.0,8.999999999999998,0.0
54450.0,8.999999999999998,0.0
54467.0,8.999999999999998,0.0
54490.0,8.999999999999998,0.0
54579.0,8.999999999999998,0.0
54583.0,8.999999999999998,0.0
54613.0,8.999999999999998,0.0
54703.0,8.999999999999998,0.0
54795.0,8.999999999999998,0.0
55023.0,8.999999999999998,0.0
55100.0,8.999999999999998,0.0
55103.0,8.999999999999998,0.0
55258.0,8.999999999999998,0.0
55372.0,8.999999999999998,0.0
55390.0,8.999999999999998,0.0
55425.0,8.999999999999998,0.0
55602.0,8.999999999999998,0.0
55743.0,8.999999999999998,0.0
55823.0,8.999999999999998,0.0
55922.0,8.999999999999998,0.0
56056.0,8.999999999999998,0.0
56084.0,8.999999999999998,0.0
56087.0,8.999999999999998,0.0
56131.0,8.999999999999998,0.0
56217.0,8.999999999999998,0.0
56730.0,8.999999999999998,0.0
56841.0,8.999999999999998,0.0
56849.0,8.999999999999998,0.0
57009.0,8.999999999999998,0.0
57130.0,8.999999999999998,0.0
57402.0,8.999999999999998,0.0
57472.0,8.999999999999998,0.0
57534.0,8.999999999999998,0.0
57666.0,8.999999999999998,0.0
57675.0,8.999999999999998,0.0
57682.0,8.999999999999998,0.0
57733.0,8.999999999999998,0.0
57769.0,8.999999999999998,0.0
57840.0,8.999999999999998,0.0
57860.0,8.999999999999998,0.0
57917.0,8.999999999999998,0.0
58117.0,8.999999999999998,0.0
58206.0,8.999999999999998,0.0
58307.0,8.999999999999998,0.0
58323.0,8.999999999999998,0.0
58370.0,8.999999999999998,0.0
58383.0,8.999999999999998,0.0
58474.0,8.999999999999998,0.0
58652.0,8.999999999999998,0.0
58691.0,8.999999999999998,0.0
59029.0,8.999999999999998,0.0
59208.0,8.999999999999998,0.0
59348.0,8.999999999999998,0.0
59368.0,8.999999999999998,0.0
59509.0,8.999999999999998,0.0
59612.0,8.999999999999998,0.0
59751.0,8.999999999999998,0.0
60106.0,8.999999999999998,0.0
60130.0,8.999999999999998,0.0
60203.0,8.999999999999998,0.0
60353.0,8.999999999999998,0.0
60359.0,8.999999999999998,0.0
60397.0,8.999999999999998,0.0
60462.0,8.999999999999998,0.0
60498.0,8.999999999999998,0.0
60527.0,8.999999999999996,1.7763568394002505e-15
60564.0,8.999999999999996,0.0
60573.0,8.999999999999996,0.0
60588.0,8.999999999999996,0.0
60651.0,8.999999999999996,0.0
60657.0,8.999999999999996,0.0
60667.0,8.999999999999996,0.0
60730.0,8.999999999999996,0.0
60847.0,8.999999999999996,0.0
60880.0,8.999999999999996,0.0
60898.0,8.999999999999996,0.0
60922.0,8.999999999999996,0.0
60941.0,8.999999999999996,0.0
61000.0,8.999999999999996,0.0
61136.0,8.999999999999996,0.0
61192.0,8.999999999999996,0.0
61212.0,8.999999999999996,0.0
61220.0,8.999999999999996,0.0
61271.0,8.999999999999996,0.0
61393.0,8.999999999999996,0.0
61675.0,8.999999999999996,0.0
61765.0,8.999999999999996,0.0
61775.0,8.999999999999996,0.0
61791.0,8.999999999999996,0.0
61923.0,8.999999999999996,0.0
61944.0,8.999999999999996,0.0
62088.0,8.999999999999998,1.7763568394002505e-15
62165.0,8.999999999999998,0.0
62329.0,8.999999999999998,0.0
62378.0,8.999999999999998,0.0
62708.0,8.999999999999998,0.0
62783.0,8.999999999999998,0.0
62791.0,8.999999999999998,0.0
62800.0,8.999999999999998,0.0
62912.0,8.999999999999998,0.0
63008.0,8.999999999999998,0.0
63213.0,8.999999999999998,0.0
63275.0,8.999999999999998,0.0
63278.0,8.999999999999998,0.0
63287.0,8.999999999999998,0.0
63419.0,8.999999999999998,0.0
63425.0,8.999999999999998,0.0
63481.0,8.999999999999998,0.0
63665.0,8.999999999999998,0.0
63677.0,8.999999999999998,0.0
63684.0,8.999999999999998,0.0
63689.0,8.999999999999998,0.0
63762.0,8.999999999999998,0.0
63772.0,8.999999999999998,0.0
63964.0,8.999999999999998,0.0
64035.0,8.999999999999998,0.0
64048.0,8.999999999999998,0.0
64113.0,8.999999999999998,0.0
64130.0,8.999999999999998,0.0
64251.0,8.999999999999998,0.0
64256.0,8.999999999999998,0.0
64308.0,8.999999999999998,0.0
64395.0,8.999999999999998,0.0
64412.0,8.999999999999998,0.0
64428.0,8.999999999999998,0.0
64458.0,8.999999999999998,0.0
64476.0,8.999999999999998,0.0
64515.0,8.999999999999998,0.0
64537.0,8.999999999999998,0.0
64543.0,8.999999999999998,0.0
64616.0,8.999999999999998,0.0
64678.0,8.999999999999998,0.0
64739.0,8.999999999999998,0.0
64828.0,8.999999999999998,0.0
64854.0,8.999999999999998,0.0
64941.0,8.999999999999998,0.0
64993.0,8.999999999999998,0.0
65167.0,8.999999999999998,0.0
65378.0,8.999999999999998,0.0
65429.0,8.999999999999998,0.0
65432.0,8.999999999999998,0.0
65437.0,8.999999999999998,0.0
65508.0,8.999999999999998,0.0
65551.0,8.999999999999998,0.0
65692.0,8.999999999999998,0.0
65807.0,8.999999999999998,0.0
66002.0,8.999999999999998,0.0
66015.0,8.999999999999998,0.0
66050.0,8.999999999999998,0.0
66077.0,8.999999999999998,0.0
66093.0,8.999999999999998,0.0
66320.0,8.999999999999996,1.7763568394002505e-15
66339.0,8.999999999999996,0.0
66358.0,8.999999999999996,0.0
66638.0,8.999999999999996,0.0
66693.0,8.999999999999996,0.0
66702.0,8.999999999999996,0.0
66835.0,8.999999999999996,0.0
66873.0,8.999999999999996,0.0
66878.0,8.999999999999996,0.0
66910.0,8.999999999999996,0.0
67079.0,8.999999999999996,0.0
67214.0,8.999999999999996,0.0
67323.0,8.999999999999996,0.0
67567.0,8.999999999999996,0.0
67593.0,8.999999999999998,1.7763568394002505e-15
67689.0,8.999999999999998,0.0
67862.0,8.999999999999998,0.0
67872.0,8.999999999999998,0.0
67901.0,8.999999999999998,0.0
67962.0,8.999999999999998,0.0
68000.0,8.999999999999998,0.0
68064.0,8.999999999999998,0.0
68235.0,8.999999999999998,0.0
68467.0,8.999999999999998,0.0
68497.0,8.999999999999998,0.0
68518.0,8.999999999999998,0.0
68568.0,8.999999999999998,0.0
68580.0,8.999999999999998,0.0
68640.0,8.999999999999998,0.0
68688.0,8.999999999999998,0.0
68761.0,8.999999999999998,0.0
69071.0,8.999999999999998,0.0
69214.0,8.999999999999998,0.0
69285.0,8.999999999999998,0.0
69324.0,8.999999999999998,0.0
69417.0,8.999999999999998,0.0
69422.0,8.999999999999998,0.0
69448.0,8.999999999999998,0.0
69487.0,8.999999999999998,0.0
69547.0,8.999999999999998,0.0
69683.0,8.999999999999998,0.0
69743.0,8.999999999999998,0.0
69857.0,8.999999999999998,0.0
69870.0,8.999999999999998,0.0
70129.0,8.999999999999998,0.0
70154.0,8.999999999999998,0.0
70372.0,8.999999999999998,0.0
70398.0,8.999999999999998,0.0
70657.0,8.999999999999998,0.0
70708.0,8.999999999999998,0.0
70742.0,8.999999999999998,0.0
70790.0,8.999999999999998,0.0
70886.0,8.999999999999998,0.0
70911.0,8.999999999999998,0.0
71091.0,8.999999999999998,0.0
71179.0,8.999999999999998,0.0
71326.0,8.999999999999998,0.0
71710.0,8.999999999999998,0.0
71770.0,8.999999999999998,0.0
71841.0,8.999999999999998,0.0
72034.0,8.999999999999998,0.0
72160.0,8.999999999999998,0.0
72193.0,8.999999999999998,0.0
72209.0,8.999999999999998,0.0
72316.0,8.999999999999998,0.0
72407.0,8.999999999999998,0.0
72426.0,8.999999999999998,0.0
72451.0,8.999999999999998,0.0
72462.0,8.999999999999998,0.0
72584.0,8.999999999999998,0.0
72728.0,8.999999999999998,0.0
72890.0,8.999999999999998,0.0
72935.0,8.999999999999998,0.0
73036.0,8.999999999999998,0.0
73355.0,8.999999999999998,0.0
73511.0,8.999999999999998,0.0
73660.0,8.999999999999998,0.0
73958.0,8.999999999999998,0.0
74019.0,8.999999999999998,0.0
74127.0,8.999999999999998,0.0
74268.0,8.999999999999998,0.0
74358.0,8.999999999999998,0.0
74432.0,8.999999999999998,0.0
74560.0,8.999999999999998,0.0
74576.0,8.999999999999998,0.0
74641.0,8.999999999999998,0.0
74675.0,8.999999999999998,0.0
74680.0,8.999999999999998,0.0
74724.0,8.999999999999998,0.0
74732.0,8.999999999999998,0.0
74743.0,8.999999999999998,0.0
74889.0,8.999999999999998,0.0
75028.0,8.999999999999998,0.0
75379.0,8.999999999999998,0.0
75386.0,8.999999999999998,0.0
75648.0,8.999999999999998,0.0
75660.0,8.999999999999998,0.0
75754.0,8.999999999999998,0.0
75844.0,8.999999999999998,0.0
75931.0,8.999999999999998,0.0
75999.0,8.999999999999998,0.0
76051.0,8.999999999999998,0.0
76089.0,8.999999999999998,0.0
76415.0,8.999999999999998,0.0
76501.0,8.999999999999998,0.0
76542.0,8.999999999999998,0.0
76630.0,8.999999999999998,0.0
76835.0,8.999999999999998,0.0
76910.0,8.999999999999998,0.0
77034.0,8.999999999999998,0.0
77072.0,8.999999999999998,0.0
77150.0,8.999999999999998,0.0
77220.0,8.999999999999998,0.0
77262.0,8.999999999999998,0.0
77386.0,8.999999999999998,0.0
77538.0,8.999999999999998,0.0
77674.0,8.999999999999998,0.0
77771.0,8.999999999999998,0.0
77825.0,8.999999999999998,0.0
77944.0,8.999999999999998,0.0
78089.0,8.999999999999998,0.0
78378.0,8.999999999999998,0.0
78521.0,8.999999999999998,0.0
78570.0,8.999999999999998,0.0
78687.0,8.999999999999998,0.0
78735.0,8.999999999999998,0.0
78998.0,8.999999999999998,0.0
79086.0,8.999999999999998,0.0
79696.0,8.999999999999998,0.0
79838.0,8.999999999999998,0.0
79932.0,8.999999999999998,0.0
80137.0,8.999999999999998,0.0
80200.0,8.999999999999998,0.0
80212.0,8.999999999999998,0.0
80315.0,8.999999999999998,0.0
80391.0,8.999999999999998,0.0
80478.0,8.999999999999998,0.0
81061.0,8.999999999999998,0.0
81131.0,8.999999999999998,0.0
81193.0,8.999999999999998,0.0
81246.0,8.999999999999998,0.0
81300.0,8.999999999999998,0.0
81385.0,8.999999999999998,0.0
81516.0,8.999999999999998,0.0
81552.0,8.999999999999998,0.0
81569.0,8.999999999999998,0.0
81622.0,8.999999999999998,0.0
81661.0,8.999999999999998,0.0
81725.0,8.999999999999998,0.0
81730.0,8.999999999999998,0.0
81749.0,8.999999999999998,0.0
81882.0,8.999999999999998,0.0
82079.0,8.999999999999998,0.0
82113.0,8.999999999999998,0.0
82240.0,8.999999999999998,0.0
82249.0,8.999999999999998,0.0
82260.0,8.999999999999998,0.0
82267.0,8.999999999999998,0.0
82469.0,8.999999999999998,0.0
82781.0,8.999999999999998,0.0
82844.0,8.999999999999998,0.0
82899.0,8.999999999999998,0.0
82911.0,8.999999999999998,0.0
83257.0,8.999999999999998,0.0
83324.0,8.999999999999998,0.0
83480.0,8.999999999999998,0.0
83532.0,8.999999999999998,0.0
83577.0,8.999999999999998,0.0
83764.0,8.999999999999998,0.0
83978.0,8.999999999999998,0.0
84093.0,8.999999999999998,0.0
84216.0,8.999999999999998,0.0
84265.0,8.999999999999998,0.0
84430.0,8.999999999999998,0.0
84517.0,8.999999999999998,0.0
85039.0,8.999999999999998,0.0
85321.0,8.999999999999998,0.0
85433.0,8.999999999999998,0.0
85621.0,8.999999999999998,0.0
85720.0,8.999999999999998,0.0
85731.0,8.999999999999998,0.0
85753.0,8.999999999999998,0.0
85862.0,8.999999999999998,0.0
85904.0,8.999999999999998,0.0
85907.0,8.999999999999998,0.0
85914.0,8.999999999999998,0.0
85933.0,8.999999999999998,0.0
85955.0,8.999999999999998,0.0
85974.0,8.999999999999998,0.0
86012.0,8.999999999999998,0.0
86074.0,8.999999999999998,0.0
86202.0,8.999999999999998,0.0
86328.0,8.999999999999998,0.0
86359.0,8.999999999999998,0.0
86440.0,8.999999999999996,1.7763568394002505e-15
86471.0,8.999999999999996,0.0
86481.0,8.999999999999996,0.0
86559.0,8.999999999999996,0.0
86636.0,8.999999999999996,0.0
86856.0,8.999999999999996,0.0
86931.0,8.999999999999996,0.0
87045.0,8.999999999999996,0.0
87081.0,8.999999999999996,0.0
87113.0,8.999999999999998,1.7763568394002505e-15
87156.0,8.999999999999998,0.0
87202.0,8.999999999999998,0.0
87221.0,8.999999999999996,1.7763568394002505e-15
87241.0,8.999999999999996,0.0
87254.0,8.999999999999996,0.0
87322.0,8.999999999999996,0.0
87325.0,8.999999999999996,0.0
87526.0,8.999999999999996,0.0
87698.0,8.999999999999996,0.0
87738.0,8.999999999999996,0.0
87747.0,8.999999999999998,1.7763568394002505e-15
88104.0,8.999999999999998,0.0
88156.0,8.999999999999998,0.0
88243.0,8.999999999999996,1.7763568394002505e-15
88352.0,8.999999999999996,0.0
88642.0,8.999999999999996,0.0
88813.0,8.999999999999996,0.0
88974.0,8.999999999999996,0.0
88979.0,8.999999999999996,0.0
89029.0,8.999999999999996,0.0
89119.0,8.999999999999996,0.0
89183.0,8.999999999999996,0.0
89248.0,8.999999999999998,1.7763568394002505e-15
89289.0,8.999999999999998,0.0
89387.0,8.999999999999998,0.0
89796.0,8.999999999999996,1.7763568394002505e-15
89852.0,8.999999999999996,0.0
90294.0,8.999999999999996,0.0
90366.0,8.999999999999996,0.0
90549.0,8.999999999999996,0.0
90597.0,8.999999999999996,0.0
90672.0,8.999999999999996,0.0
91015.0,8.999999999999996,0.0
91159.0,8.999999999999996,0.0
91191.0,8.999999999999996,0.0
91279.0,8.999999999999996,0.0
91340.0,8.999999999999996,0.0
91390.0,8.999999999999996,0.0
91477.0,8.999999999999996,0.0
91637.0,8.999999999999996,0.0
91683.0,8.999999999999996,0.0
91802.0,8.999999999999996,0.0
91819.0,8.999999999999996,0.0
91873.0,8.999999999999998,1.7763568394002505e-15
91897.0,8.999999999999998,0.0
92027.0,8.999999999999996,1.7763568394002505e-15
92078.0,8.999999999999998,1.7763568394002505e-15
92186.0,8.999999999999998,0.0
92369.0,9.0,1.7763568394002505e-15
92525.0,9.0,0.0
92622.0,9.0,0.0
92733.0,9.0,0.0
92816.0,9.0,0.0
93196.0,9.0,0.0
93426.0,9.0,0.0
93478.0,9.0,0.0
93803.0,9.0,0.0
93876.0,9.0,0.0
94019.0,9.0,0.0
94033.0,9.0,0.0
94308.0,9.0,0.0
94409.0,9.0,0.0
94437.0,9.0,0.0
94648.0,9.0,0.0
94782.0,9.0,0.0
94896.0,8.999999999999998,1.7763568394002505e-15
94978.0,8.999999999999996,1.7763568394002505e-15
94982.0,8.999999999999996,0.0
94988.0,8.999999999999996,0.0
95315.0,8.999999999999996,0.0
95428.0,8.999999999999996,0.0
95458.0,8.999999999999996,0.0
95491.0,8.999999999999998,1.7763568394002505e-15
95657.0,8.999999999999996,1.7763568394002505e-15
95685.0,8.999999999999996,0.0
95772.0,8.999999999999996,0.0
95925.0,8.999999999999996,0.0
95953.0,8.999999999999996,0.0
96009.0,8.999999999999996,0.0
96155.0,8.999999999999996,0.0
96237.0,8.999999999999996,0.0
96316.0,8.999999999999996,0.0
96430.0,8.999999999999998,1.7763568394002505e-15
96615.0,8.999999999999998,0.0
96627.0,8.999999999999998,0.0
96782.0,8.999999999999998,0.0
96957.0,8.999999999999998,0.0
97055.0,8.999999999999998,0.0
97157.0,9.0,1.7763568394002505e-15
97164.0,9.0,0.0
97274.0,9.0,0.0
97494.0,9.0,0.0
97654.0,9.0,0.0
97668.0,9.0,0.0
97771.0,9.0,0.0
97796.0,9.0,0.0
98000.0,8.999999999999998,1.7763568394002505e-15
98060.0,8.999999999999996,1.7763568394002505e-15
98092.0,8.999999999999996,0.0
98175.0,8.999999999999996,0.0
98185.0,8.999999999999996,0.0
98404.0,8.999999999999996,0.0
98417.0,8.999999999999996,0.0
98481.0,8.999999999999996,0.0
98510.0,8.999999999999996,0.0
98589.0,8.999999999999996,0.0
98895.0,8.999999999999996,0.0
99164.0,8.999999999999996,0.0
99470.0,8.999999999999996,0.0
99606.0,8.999999999999996,0.0
99646.0,8.999999999999996,0.0
99683.0,8.999999999999996,0.0
99742.0,8.999999999999996,0.0
99990.0,8.999999999999996,0.0
100113.0,8.999999999999996,0.0
100292.0,8.999999999999996,0.0
100312.0,8.999999999999996,0.0
100350.0,8.999999999999996,0.0
100470.0,8.999999999999996,0.0
100732.0,8.999999999999996,0.0
100757.0,8.999999999999996,0.0
100788.0,8.999999999999996,0.0
100818.0,8.999999999999996,0.0
100832.0,8.999999999999996,0.0
100895.0,8.999999999999996,0.0
100922.0,8.999999999999996,0.0
100968.0,8.999999999999996,0.0
101175.0,8.999999999999996,0.0
101212.0,8.999999999999996,0.0
101252.0,8.999999999999996,0.0
101405.0,8.999999999999996,0.0
101477.0,8.999999999999996,0.0
101524.0,8.999999999999996,0.0
101578.0,8.999999999999996,0.0
101727.0,8.999999999999996,0.0
101764.0,8.999999999999996,0.0
101766.0,8.999999999999996,0.0
101808.0,8.999999999999996,0.0
101849.0,8.999999999999996,0.0
101851.0,8.999999999999996,0.0
101890.0,8.999999999999996,0.0
101929.0,8.999999999999996,0.0
102144.0,8.999999999999996,0.0
102281.0,8.999999999999996,0.0
102358.0,8.999999999999996,0.0
102374.0,8.999999999999996,0.0
102380.0,8.999999999999996,0.0
102638.0,8.999999999999996,0.0
102712.0,8.999999999999996,0.0
102718.0,8.999999999999996,0.0
103097.0,8.999999999999996,0.0
103166.0,8.999999999999996,0.0
103174.0,8.999999999999996,0.0
103263.0,8.999999999999996,0.0
103508.0,8.999999999999996,0.0
103731.0,8.999999999999996,0.0
103771.0,8.999999999999996,0.0
104023.0,8.999999999999996,0.0
104059.0,8.999999999999996,0.0
104164.0,8.999999999999996,0.0
104189.0,8.999999999999996,0.0
104192.0,8.999999999999996,0.0
104204.0,8.999999999999996,0.0
104651.0,8.999999999999996,0.0
104667.0,8.999999999999996,0.0
104678.0,8.999999999999996,0.0
104819.0,8.999999999999996,0.0
104875.0,8.999999999999996,0.0
104947.0,8.999999999999996,0.0
105173.0,8.999999999999996,0.0
105285.0,8.999999999999996,0.0
105318.0,8.999999999999996,0.0
105347.0,8.999999999999996,0.0
105510.0,8.999999999999996,0.0
105961.0,8.999999999999996,0.0
106014.0,8.999999999999996,0.0
106256.0,8.999999999999996,0.0
106435.0,8.999999999999996,0.0
106525.0,8.999999999999996,0.0
106573.0,8.999999999999996,0.0
106651.0,8.999999999999996,0.0
106664.0,8.999999999999996,0.0
106774.0,8.999999999999996,0.0
106795.0,8.999999999999996,0.0
106886.0,8.999999999999996,0.0
106950.0,8.999999999999996,0.0
106953.0,8.999999999999996,0.0
106986.0,8.999999999999996,0.0
107081.0,8.999999999999996,0.0
107183.0,8.999999999999996,0.0
107309.0,8.999999999999996,0.0
107688.0,8.999999999999998,1.7763568394002505e-15
107774.0,8.999999999999996,1.7763568394002505e-15
107788.0,8.999999999999996,0.0
107807.0,8.999999999999996,0.0
107907.0,8.999999999999996,0.0
108035.0,8.999999999999996,0.0
108397.0,8.999999999999996,0.0
108561.0,8.999999999999996,0.0
108631.0,8.999999999999996,0.0
108642.0,8.999999999999996,0.0
108806.0,8.999999999999996,0.0
108830.0,8.999999999999996,0.0
108915.0,8.999999999999996,0.0
109030.0,8.999999999999996,0.0
109446.0,8.999999999999996,0.0
109490.0,8.999999999999996,0.0
109501.0,8.999999999999996,0.0
109674.0,8.999999999999996,0.0
109714.0,8.999999999999998,1.7763568394002505e-15
109828.0,8.999999999999996,1.7763568394002505e-15
109883.0,8.999999999999996,0.0
109895.0,8.999999999999996,0.0
109966.0,8.999999999999996,0.0
110048.0,8.999999999999996,0.0
110148.0,8.999999999999996,0.0
110178.0,8.999999999999996,0.0
110197.0,8.999999999999996,0.0
110388.0,8.999999999999996,0.0
110584.0,8.999999999999996,0.0
110651.0,8.999999999999996,0.0
110681.0,8.999999999999996,0.0
110700.0,8.999999999999996,0.0
110708.0,8.999999999999996,0.0
110725.0,8.999999999999996,0.0
110930.0,8.999999999999996,0.0
110992.0,8.999999999999996,0.0
111196.0,8.999999999999996,0.0
111213.0,8.999999999999996,0.0
111246.0,8.999999999999996,0.0
111250.0,8.999999999999996,0.0
111275.0,8.999999999999996,0.0
111724.0,8.999999999999996,0.0
111765.0,8.999999999999996,0.0
111778.0,8.999999999999996,0.0
111821.0,8.999999999999996,0.0
111827.0,8.999999999999996,0.0
111869.0,8.999999999999996,0.0
111877.0,8.999999999999996,0.0
111894.0,8.999999999999996,0.0
111908.0,8.999999999999996,0.0
111915.0,8.999999999999996,0.0
111975.0,8.999999999999996,0.0
112068.0,8.999999999999996,0.0
112070.0,8.999999999999996,0.0
112561.0,8.999999999999996,0.0
112570.0,8.999999999999996,0.0
112582.0,8.999999999999996,0.0
112694.0,8.999999999999996,0.0
113189.0,8.999999999999996,0.0
113210.0,8.999999999999996,0.0
113215.0,8.999999999999996,0.0
113480.0,8.999999999999996,0.0
113531.0,8.999999999999996,0.0
113589.0,8.999999999999996,0.0
113645.0,8.999999999999996,0.0
113656.0,8.999999999999996,0.0
113779.0,8.999999999999996,0.0
113784.0,8.999999999999996,0.0
113826.0,8.999999999999996,0.0
114005.0,8.999999999999996,0.0
114113.0,8.999999999999996,0.0
114355.0,8.999999999999996,0.0
114563.0,8.999999999999996,0.0
114575.0,8.999999999999996,0.0
114617.0,8.999999999999996,0.0
114676.0,8.999999999999996,0.0
114737.0,8.999999999999996,0.0
114788.0,8.999999999999996,0.0
115035.0,8.999999999999996,0.0
115070.0,8.999999999999996,0.0
115201.0,8.999999999999996,0.0
115349.0,8.999999999999996,0.0
115554.0,8.999999999999996,0.0
115715.0,8.999999999999996,0.0
115737.0,8.999999999999996,0.0
115783.0,8.999999999999996,0.0
115869.0,8.999999999999996,0.0
115946.0,8.999999999999996,0.0
115973.0,8.999999999999996,0.0
116182.0,8.999999999999996,0.0
116290.0,8.999999999999996,0.0
116354.0,8.999999999999996,0.0
116438.0,8.999999999999996,0.0
116551.0,8.999999999999996,0.0
116743.0,8.999999999999996,0.0
116949.0,8.999999999999996,0.0
117029.0,8.999999999999996,0.0
117128.0,8.999999999999996,0.0
117236.0,8.999999999999996,0.0
117246.0,8.999999999999996,0.0
117249.0,8.999999999999996,0.0
117429.0,8.999999999999996,0.0
117497.0,8.999999999999996,0.0
117516.0,8.999999999999996,0.0
117710.0,8.999999999999996,0.0
118009.0,8.999999999999996,0.0
118433.0,8.999999999999996,0.0
118462.0,8.999999999999996,0.0
118567.0,8.999999999999996,0.0
118615.0,8.999999999999996,0.0
118706.0,8.999999999999996,0.0
118718.0,8.999999999999996,0.0
118822.0,8.999999999999996,0.0
118922.0,8.999999999999996,0.0
118974.0,8.999999999999996,0.0
119055.0,8.999999999999996,0.0
119189.0,8.999999999999996,0.0
119244.0,8.999999999999996,0.0
119470.0,8.999999999999996,0.0
119531.0,8.999999999999996,0.0
119550.0,8.999999999999996,0.0
119629.0,8.999999999999996,0.0
119894.0,8.999999999999996,0.0
119899.0,8.999999999999996,0.0
119996.0,8.999999999999996,0.0
120052.0,8.999999999999996,0.0
120241.0,8.999999999999996,0.0
120316.0,8.999999999999996,0.0
120393.0,8.999999999999996,0.0
120475.0,8.999999999999996,0.0
120485.0,8.999999999999996,0.0
120696.0,8.999999999999996,0.0
120917.0,8.999999999999996,0.0
120975.0,8.999999999999996,0.0
121070.0,8.999999999999996,0.0
121331.0,8.999999999999996,0.0
121536.0,8.999999999999998,1.7763568394002505e-15
121841.0,8.999999999999998,0.0
121845.0,8.999999999999996,1.7763568394002505e-15
121848.0,8.999999999999996,0.0
121916.0,8.999999999999996,0.0
122202.0,8.999999999999998,1.7763568394002505e-15
122209.0,8.999999999999998,0.0
122280.0,8.999999999999998,0.0
122369.0,8.999999999999998,0.0
122799.0,8.999999999999998,0.0
122945.0,8.999999999999998,0.0
123281.0,8.999999999999998,0.0
123766.0,8.999999999999998,0.0
123825.0,8.999999999999998,0.0
123854.0,8.999999999999998,0.0
123942.0,8.999999999999998,0.0
124134.0,8.999999999999998,0.0
124166.0,8.999999999999998,0.0
124171.0,8.999999999999998,0.0
124195.0,8.999999999999998,0.0
124237.0,8.999999999999998,0.0
124320.0,8.999999999999998,0.0
124535.0,8.999999999999998,0.0
124883.0,8.999999999999998,0.0
124928.0,8.999999999999998,0.0
125076.0,8.999999999999998,0.0
125338.0,8.999999999999998,0.0
125459.0,9.0,1.7763568394002505e-15
125954.0,9.0,0.0
126169.0,9.0,0.0
126255.0,8.999999999999998,1.7763568394002505e-15
126334.0,8.999999999999998,0.0
126482.0,9.0,1.7763568394002505e-15
126983.0,9.0,0.0
127000.0,9.0,0.0
127091.0,9.0,0.0
127215.0,9.0,0.0
127230.0,9.0,0.0
127510.0,9.0,0.0
127568.0,8.999999999999998,1.7763568394002505e-15
127764.0,8.999999999999998,0.0
127805.0,8.999999999999998,0.0
128183.0,8.999999999999998,0.0
128374.0,8.999999999999998,0.0
128405.0,8.999999999999998,0.0
128462.0,9.0,1.7763568394002505e-15
128636.0,9.0,0.0
128795.0,9.0,0.0
128874.0,9.0,0.0
128923.0,8.999999999999998,1.7763568394002505e-15
129166.0,8.999999999999998,0.0
129198.0,8.999999999999998,0.0
129255.0,8.999999999999998,0.0
129327.0,8.999999999999998,0.0
129496.0,8.999999999999998,0.0
129533.0,8.999999999999998,0.0
129557.0,8.999999999999998,0.0
129656.0,8.999999999999998,0.0
129668.0,8.999999999999998,0.0
129749.0,8.999999999999996,1.7763568394002505e-15
129754.0,8.999999999999996,0.0
129789.0,8.999999999999998,1.7763568394002505e-15
129933.0,8.999999999999998,0.0
129974.0,8.999999999999998,0.0
130140.0,8.999999999999998,0.0
130188.0,8.999999999999998,0.0
130538.0,8.999999999999998,0.0
130837.0,8.999999999999998,0.0
130886.0,8.999999999999996,1.7763568394002505e-15
130962.0,8.999999999999996,0.0
131026.0,8.999999999999998,1.7763568394002505e-15
131041.0,8.999999999999998,0.0
131056.0,8.999999999999998,0.0
131066.0,8.999999999999998,0.0
131118.0,8.999999999999998,0.0
131402.0,8.999999999999998,0.0
131405.0,8.999999999999998,0.0
131586.0,8.999999999999998,0.0
131831.0,8.999999999999998,0.0
131942.0,8.999999999999998,0.0
132054.0,8.999999999999998,0.0
132203.0,8.999999999999998,0.0
132216.0,8.999999999999998,0.0
132479.0,8.999999999999998,0.0
132535.0,8.999999999999998,0.0
132696.0,8.999999999999998,0.0
132737.0,8.999999999999998,0.0
132834.0,8.999999999999998,0.0
132855.0,8.999999999999998,0.0
133249.0,8.999999999999998,0.0
133408.0,8.999999999999998,0.0
133505.0,8.999999999999998,0.0
133576.0,8.999999999999998,0.0
133604.0,8.999999999999998,0.0
133702.0,8.999999999999998,0.0
133831.0,8.999999999999998,0.0
133884.0,9.0,1.7763568394002505e-15
134010.0,9.0,0.0
134116.0,8.999999999999998,1.7763568394002505e-15
134489.0,8.999999999999998,0.0
134558.0,8.999999999999998,0.0
134936.0,8.999999999999996,1.7763568394002505e-15
135023.0,8.999999999999996,0.0
135095.0,8.999999999999996,0.0
135147.0,8.999999999999996,0.0
135239.0,8.999999999999996,0.0
135415.0,8.999999999999996,0.0
135573.0,8.999999999999996,0.0
135630.0,8.999999999999996,0.0
135676.0,8.999999999999996,0.0
135770.0,8.999999999999996,0.0
136076.0,8.999999999999996,0.0
136321.0,8.999999999999996,0.0
136441.0,8.999999999999996,0.0
136469.0,8.999999999999996,0.0
136631.0,8.999999999999998,1.7763568394002505e-15
136794.0,8.999999999999998,0.0
136986.0,8.999999999999996,1.7763568394002505e-15
136996.0,8.999999999999996,0.0
136999.0,8.999999999999998,1.7763568394002505e-15
137212.0,8.999999999999998,0.0
137389.0,8.999999999999998,0.0
137459.0,8.999999999999998,0.0
137478.0,8.999999999999998,0.0
137511.0,8.999999999999996,1.7763568394002505e-15
137515.0,8.999999999999996,0.0
137947.0,8.999999999999996,0.0
138000.0,8.999999999999996,0.0
138236.0,8.999999999999998,1.7763568394002505e-15
138383.0,8.999999999999998,0.0
138402.0,8.999999999999998,0.0
138964.0,8.999999999999998,0.0
139008.0,8.999999999999998,0.0
139077.0,8.999999999999998,0.0
139357.0,8.999999999999998,0.0
139678.0,8.999999999999998,0.0
139857.0,8.999999999999998,0.0
139911.0,8.999999999999996,1.7763568394002505e-15
139996.0,8.999999999999996,0.0
140386.0,8.999999999999998,1.7763568394002505e-15
140571.0,8.999999999999998,0.0
140662.0,8.999999999999998,0.0
141040.0,8.999999999999998,0.0
141410.0,8.999999999999998,0.0
141639.0,8.999999999999998,0.0
141666.0,8.999999999999998,0.0
142446.0,8.999999999999998,0.0
142520.0,8.999999999999998,0.0
143189.0,8.999999999999998,0.0
143194.0,8.999999999999998,0.0
143247.0,8.999999999999998,0.0
143461.0,8.999999999999998,0.0
143489.0,8.999999999999998,0.0
143501.0,8.999999999999998,0.0
143552.0,8.999999999999998,0.0
143757.0,8.999999999999998,0.0
143796.0,9.0,1.7763568394002505e-15
144075.0,8.999999999999998,1.7763568394002505e-15
144260.0,8.999999999999998,0.0
144583.0,8.999999999999998,0.0
145040.0,8.999999999999998,0.0
145131.0,8.999999999999998,0.0
145374.0,8.999999999999996,1.7763568394002505e-15
145470.0,8.999999999999996,0.0
145709.0,8.999999999999996,0.0
146096.0,8.999999999999996,0.0
146305.0,8.999999999999996,0.0
146326.0,8.999999999999996,0.0
146533.0,8.999999999999996,0.0
146548.0,8.999999999999996,0.0
146558.0,8.999999999999996,0.0
146643.0,8.999999999999996,0.0
146772.0,8.999999999999996,0.0
146878.0,8.999999999999996,0.0
146921.0,8.999999999999996,0.0
146928.0,8.999999999999996,0.0
146978.0,8.999999999999998,1.7763568394002505e-15
147005.0,8.999999999999998,0.0
147008.0,8.999999999999998,0.0
147018.0,8.999999999999998,0.0
147077.0,8.999999999999998,0.0
147217.0,8.999999999999998,0.0
147356.0,8.999999999999998,0.0
147373.0,8.999999999999998,0.0
147426.0,8.999999999999996,1.7763568394002505e-15
147458.0,8.999999999999996,0.0
147571.0,8.999999999999996,0.0
147585.0,8.999999999999996,0.0
147915.0,8.999999999999996,0.0
148034.0,8.999999999999996,0.0
148126.0,8.999999999999996,0.0
148245.0,8.999999999999996,0.0
148278.0,8.999999999999996,0.0
148333.0,8.999999999999996,0.0
148413.0,8.999999999999996,0.0
148434.0,8.999999999999996,0.0
148674.0,8.999999999999996,0.0
148771.0,8.999999999999996,0.0
148887.0,8.999999999999998,1.7763568394002505e-15
148999.0,8.999999999999998,0.0
149429.0,8.999999999999996,1.7763568394002505e-15
149614.0,8.999999999999996,0.0
149877.0,8.999999999999996,0.0
149895.0,8.999999999999996,0.0
150434.0,8.999999999999996,0.0
150775.0,8.999999999999996,0.0
150875.0,8.999999999999996,0.0
151112.0,8.999999999999996,0.0
151179.0,8.999999999999996,0.0
151213.0,8.999999999999996,0.0
151266.0,8.999999999999996,0.0
151354.0,8.999999999999996,0.0
151400.0,8.999999999999996,0.0
151435.0,8.999999999999996,0.0
151731.0,8.999999999999996,0.0
151937.0,8.999999999999998,1.7763568394002505e-15
152004.0,8.999999999999998,0.0
152133.0,8.999999999999998,0.0
152290.0,8.999999999999998,0.0
152432.0,8.999999999999998,0.0
152660.0,8.999999999999996,1.7763568394002505e-15
152669.0,8.999999999999996,0.0
152675.0,8.999999999999996,0.0
152760.0,8.999999999999996,0.0
152807.0,8.999999999999996,0.0
152872.0,8.999999999999998,1.7763568394002505e-15
153042.0,8.999999999999998,0.0
153174.0,8.999999999999998,0.0
153241.0,8.999999999999998,0.0
153280.0,8.999999999999998,0.0
153304.0,8.999999999999998,0.0
153503.0,8.999999999999998,0.0
153546.0,8.999999999999998,0.0
153669.0,8.999999999999998,0.0
153731.0,8.999999999999998,0.0
153848.0,8.999999999999998,0.0
153853.0,8.999999999999998,0.0
153922.0,8.999999999999998,0.0
154052.0,8.999999999999998,0.0
154113.0,8.999999999999998,0.0
154349.0,8.999999999999998,0.0
154374.0,8.999999999999996,1.7763568394002505e-15
154503.0,8.999999999999996,0.0
154522.0,8.999999999999996,0.0
154549.0,8.999999999999996,0.0
154649.0,8.999999999999996,0.0
155180.0,8.999999999999996,0.0
155196.0,8.999999999999996,0.0
155217.0,8.999999999999996,0.0
155534.0,8.999999999999996,0.0
155707.0,8.999999999999996,0.0
155740.0,8.999999999999996,0.0
155801.0,8.999999999999996,0.0
155933.0,8.999999999999996,0.0
156078.0,8.999999999999996,0.0
156189.0,8.999999999999996,0.0
156303.0,8.999999999999996,0.0
156416.0,8.999999999999996,0.0
156513.0,8.999999999999996,0.0
156529.0,8.999999999999996,0.0
156663.0,8.999999999999996,0.0
156758.0,8.999999999999996,0.0
156846.0,8.999999999999996,0.0
157045.0,8.999999999999996,0.0
157281.0,8.999999999999996,0.0
157487.0,8.999999999999996,0.0
157553.0,8.999999999999996,0.0
157881.0,8.999999999999996,0.0
157935.0,8.999999999999996,0.0
158041.0,8.999999999999996,0.0
158084.0,8.999999999999996,0.0
158149.0,8.999999999999996,0.0
158456.0,8.999999999999996,0.0
158976.0,8.999999999999998,1.7763568394002505e-15
159052.0,8.999999999999998,0.0
159129.0,8.999999999999998,0.0
159149.0,8.999999999999998,0.0
159273.0,8.999999999999998,0.0
159399.0,8.999999999999998,0.0
159456.0,8.999999999999998,0.0
159630.0,8.999999999999998,0.0
159722.0,8.999999999999996,1.7763568394002505e-15
159808.0,8.999999999999996,0.0
159959.0,8.999999999999996,0.0
160099.0,8.999999999999996,0.0
160226.0,8.999999999999996,0.0
160264.0,8.999999999999996,0.0
160378.0,8.999999999999996,0.0
160417.0,8.999999999999996,0.0
160608.0,8.999999999999996,0.0
160620.0,8.999999999999996,0.0
160912.0,8.999999999999996,0.0
161146.0,8.999999999999996,0.0
161154.0,8.999999999999996,0.0
161253.0,8.999999999999996,0.0
161343.0,8.999999999999996,0.0
161361.0,8.999999999999996,0.0
161542.0,8.999999999999996,0.0
161568.0,8.999999999999998,1.7763568394002505e-15
161701.0,8.999999999999998,0.0
161954.0,8.999999999999998,0.0
161981.0,8.999999999999998,0.0
162593.0,8.999999999999998,0.0
162606.0,8.999999999999998,0.0
162719.0,8.999999999999998,0.0
162790.0,8.999999999999998,0.0
162803.0,8.999999999999998,0.0
162958.0,8.999999999999998,0.0
162969.0,8.999999999999998,0.0
163195.0,8.999999999999998,0.0
163491.0,8.999999999999998,0.0
163540.0,8.999999999999998,0.0
163754.0,8.999999999999998,0.0
163971.0,8.999999999999998,0.0
164039.0,8.999999999999998,0.0
164237.0,8.999999999999998,0.0
164286.0,9.0,1.7763568394002505e-15
164351.0,9.0,0.0
164370.0,9.0,0.0
164395.0,9.0,0.0
164400.0,9.0,0.0
164530.0,9.0,0.0
164698.0,9.0,0.0
164758.0,9.0,0.0
164800.0,9.0,0.0
164810.0,9.0,0.0
164864.0,9.0,0.0
165016.0,9.0,0.0
165035.0,9.0,0.0
165063.0,9.0,0.0
165099.0,9.0,0.0
165119.0,9.0,0.0
165182.0,8.999999999999998,1.7763568394002505e-15
165350.0,8.999999999999998,0.0
165563.0,8.999999999999998,0.0
165791.0,8.999999999999998,0.0
166181.0,8.999999999999998,0.0
166364.0,8.999999999999998,0.0
166956.0,8.999999999999998,0.0
167335.0,8.999999999999998,0.0
167362.0,8.999999999999998,0.0
167434.0,8.999999999999998,0.0
167544.0,8.999999999999998,0.0
167554.0,8.999999999999998,0.0
167817.0,8.999999999999998,0.0
167982.0,9.0,1.7763568394002505e-15
168017.0,9.0,0.0
168131.0,9.0,0.0
168175.0,9.0,0.0
168259.0,9.0,0.0
168447.0,9.0,0.0
168460.0,9.0,0.0
168557.0,9.0,0.0
168663.0,9.0,0.0
168742.0,9.0,0.0
168896.0,9.0,0.0
169584.0,9.0,0.0
170494.0,9.0,0.0
170808.0,9.0,0.0
171181.0,9.0,0.0
171583.0,9.0,0.0
171746.0,9.0,0.0
171962.0,9.0,0.0
172105.0,9.0,0.0
172147.0,9.0,0.0
172295.0,9.0,0.0
172359.0,9.0,0.0
172464.0,9.0,0.0
172568.0,9.0,0.0
172656.0,9.0,0.0
172688.0,9.0,0.0
173073.0,9.0,0.0
173187.0,9.0,0.0
173499.0,9.0,0.0
173539.0,9.0,0.0
173716.0,9.0,0.0
173765.0,8.999999999999998,1.7763568394002505e-15
173774.0,8.999999999999998,0.0
174445.0,8.999999999999998,0.0
174464.0,8.999999999999998,0.0
174925.0,8.999999999999998,0.0
174952.0,9.0,1.7763568394002505e-15
175142.0,9.0,0.0
175162.0,9.0,0.0
175825.0,9.0,0.0
175924.0,9.0,0.0
176672.0,9.0,0.0
176815.0,9.0,0.0
177512.0,9.0,0.0
177605.0,9.0,0.0
177821.0,9.0,0.0
177972.0,9.0,0.0
178055.0,9.0,0.0
178083.0,9.0,0.0
178563.0,9.0,0.0
178645.0,9.0,0.0
178946.0,9.0,0.0
179452.0,9.0,0.0
179637.0,9.0,0.0
180133.0,9.0,0.0
180322.0,9.0,0.0
180549.0,9.0,0.0
180679.0,9.0,0.0
180899.0,9.0,0.0
181189.0,9.0,0.0
181308.0,9.0,0.0
181473.0,9.0,0.0
181523.0,9.0,0.0
181580.0,9.0,0.0
181737.0,9.0,0.0
181904.0,9.0,0.0
181990.0,9.0,0.0
182193.0,9.0,0.0
182246.0,9.0,0.0
182357.0,9.0,0.0
182845.0,9.0,0.0
182999.0,9.0,0.0
183040.0,9.0,0.0
183104.0,9.0,0.0
183173.0,9.0,0.0
183245.0,9.0,0.0
183248.0,9.0,0.0
183300.0,9.0,0.0
183385.0,9.0,0.0
184042.0,9.0,0.0
184201.0,9.0,0.0
184385.0,9.0,0.0
184415.0,9.0,0.0
184430.0,9.0,0.0
184726.0,9.0,0.0
184811.0,9.0,0.0
185133.0,9.0,0.0
185219.0,9.0,0.0
185358.0,9.0,0.0
185564.0,9.0,0.0
185721.0,9.0,0.0
185964.0,9.0,0.0
186167.0,9.0,0.0
186187.0,9.0,0.0
186426.0,9.0,0.0
186604.0,9.0,0.0
186616.0,9.0,0.0
186842.0,9.0,0.0
187133.0,9.0,0.0
187246.0,9.0,0.0
187354.0,9.0,0.0
187459.0,9.0,0.0
187481.0,9.0,0.0
187602.0,9.0,0.0
187859.0,9.0,0.0
188097.0,8.999999999999998,1.7763568394002505e-15
188342.0,8.999999999999998,0.0
188483.0,8.999999999999998,0.0
188663.0,8.999999999999998,0.0
188765.0,8.999999999999998,0.0
188997.0,8.999999999999996,1.7763568394002505e-15
189096.0,8.999999999999996,0.0
189203.0,8.999999999999996,0.0
189230.0,8.999999999999996,0.0
189419.0,8.999999999999996,0.0
189777.0,8.999999999999996,0.0
189828.0,8.999999999999996,0.0
190090.0,8.999999999999996,0.0
190293.0,8.999999999999996,0.0
190407.0,8.999999999999996,0.0
190421.0,8.999999999999996,0.0
190462.0,8.999999999999996,0.0
190472.0,8.999999999999996,0.0
190617.0,8.999999999999996,0.0
190667.0,8.999999999999996,0.0
191101.0,8.999999999999996,0.0
191274.0,8.999999999999996,0.0
191679.0,8.999999999999996,0.0
191699.0,8.999999999999996,0.0
191771.0,8.999999999999996,0.0
191970.0,8.999999999999996,0.0
191976.0,8.999999999999996,0.0
192107.0,8.999999999999998,1.7763568394002505e-15
192128.0,8.999999999999998,0.0
192157.0,8.999999999999996,1.7763568394002505e-15
192412.0,8.999999999999996,0.0
192574.0,8.999999999999996,0.0
192712.0,8.999999999999996,0.0
192935.0,8.999999999999996,0.0
193157.0,8.999999999999996,0.0
193191.0,8.999999999999996,0.0
193513.0,8.999999999999996,0.0
193616.0,8.999999999999996,0.0
193782.0,8.999999999999996,0.0
193875.0,8.999999999999996,0.0
194199.0,8.999999999999996,0.0
194279.0,8.999999999999996,0.0
194539.0,8.999999999999996,0.0
194664.0,8.999999999999996,0.0
194780.0,8.999999999999996,0.0
194891.0,8.999999999999996,0.0
195049.0,8.999999999999996,0.0
195431.0,8.999999999999996,0.0
195551.0,8.999999999999996,0.0
195614.0,8.999999999999996,0.0
195637.0,8.999999999999996,0.0
195674.0,8.999999999999996,0.0
195995.0,8.999999999999996,0.0
196039.0,8.999999999999996,0.0
196141.0,8.999999999999996,0.0
196540.0,8.999999999999996,0.0
196618.0,8.999999999999996,0.0
196831.0,8.999999999999998,1.7763568394002505e-15
197518.0,8.999999999999998,0.0
197641.0,8.999999999999998,0.0
197844.0,8.999999999999998,0.0
197865.0,8.999999999999998,0.0
198063.0,8.999999999999998,0.0
198615.0,8.999999999999998,0.0
198664.0,9.0,1.7763568394002505e-15
198793.0,9.0,0.0
198948.0,9.0,0.0
199242.0,9.0,0.0
199321.0,9.0,0.0
199617.0,9.0,0.0
200075.0,9.0,0.0
200122.0,9.0,0.0
200301.0,9.0,0.0
200431.0,9.0,0.0
200480.0,9.0,0.0
200483.0,9.0,0.0
200517.0,9.0,0.0
200556.0,9.0,0.0
200632.0,9.0,0.0
200706.0,9.0,0.0
201047.0,9.0,0.0
201578.0,9.0,0.0
201896.0,9.0,0.0
202040.0,9.0,0.0
202170.0,9.0,0.0
202251.0,9.0,0.0
202400.0,9.0,0.0
202489.0,9.0,0.0
202670.0,9.0,0.0
202785.0,9.0,0.0
202820.0,9.0,0.0
202823.0,9.0,0.0
202885.0,9.0,0.0
202960.0,9.0,0.0
203136.0,9.0,0.0
203289.0,9.0,0.0
203550.0,9.0,0.0
203838.0,9.0,0.0
204047.0,9.0,0.0
204304.0,9.0,0.0
204469.0,9.0,0.0
205178.0,9.0,0.0
205201.0,9.0,0.0
205294.0,9.0,0.0
205731.0,9.0,0.0
206015.0,9.0,0.0
206134.0,9.0,0.0
206732.0,9.0,0.0
207098.0,8.999999999999998,1.7763568394002505e-15
207674.0,8.999999999999998,0.0
209136.0,9.0,1.7763568394002505e-15
209145.0,9.0,0.0
209592.0,9.0,0.0
209767.0,9.0,0.0
209972.0,9.0,0.0
210359.0,9.0,0.0
210616.0,9.0,0.0
210650.0,9.0,0.0
210793.0,9.0,0.0
210881.0,9.0,0.0
210929.0,9.0,0.0
211350.0,9.0,0.0
211373.0,9.0,0.0
211616.0,8.999999999999998,1.7763568394002505e-15
211694.0,8.999999999999998,0.0
211709.0,8.999999999999996,1.7763568394002505e-15
211746.0,8.999999999999998,1.7763568394002505e-15
212029.0,8.999999999999998,0.0
212033.0,8.999999999999998,0.0
212130.0,8.999999999999998,0.0
212396.0,8.999999999999998,0.0
213157.0,9.0,1.7763568394002505e-15
213299.0,9.0,0.0
213485.0,9.0,0.0
213609.0,9.0,0.0
213867.0,9.0,0.0
214072.0,9.0,0.0
214174.0,9.0,0.0
214484.0,9.0,0.0
214638.0,9.0,0.0
214749.0,9.0,0.0
215097.0,8.999999999999998,1.7763568394002505e-15
215254.0,8.999999999999998,0.0
215294.0,9.0,1.7763568394002505e-15
215702.0,9.0,0.0
216246.0,9.0,0.0
216734.0,9.0,0.0
217624.0,9.0,0.0
217650.0,9.0,0.0
217865.0,9.0,0.0
218139.0,9.0,0.0
218338.0,9.0,0.0
218653.0,8.999999999999998,1.7763568394002505e-15
218885.0,8.999999999999998,0.0
219072.0,8.999999999999998,0.0
219764.0,8.999999999999998,0.0
219969.0,8.999999999999998,0.0
219991.0,9.0,1.7763568394002505e-15
220206.0,9.0,0.0
220271.0,9.0,0.0
220289.0,9.0,0.0
220649.0,9.0,0.0
220868.0,9.0,0.0
221312.0,9.0,0.0
221324.0,9.0,0.0
221842.0,9.0,0.0
222346.0,9.0,0.0
223143.0,9.0,0.0
223915.0,9.0,0.0
224124.0,9.0,0.0
224253.0,9.0,0.0
224342.0,9.0,0.0
224815.0,9.0,0.0
225106.0,9.0,0.0
225342.0,9.0,0.0
225382.0,9.0,0.0
225785.0,9.0,0.0
226916.0,9.0,0.0
227307.0,9.0,0.0
227537.0,9.0,0.0
227758.0,9.0,0.0
228025.0,9.0,0.0
228645.0,9.0,0.0
228693.0,9.0,0.0
228897.0,9.0,0.0
229057.0,9.0,0.0
229099.0,9.0,0.0
229111.0,9.0,0.0
229600.0,9.0,0.0
231239.0,9.0,0.0
231357.0,9.0,0.0
231794.0,9.0,0.0
231871.0,9.0,0.0
231908.0,9.0,0.0
233020.0,9.0,0.0
233031.0,9.0,0.0
233415.0,9.0,0.0
233677.0,9.0,0.0
233694.0,9.0,0.0
234111.0,9.0,0.0
234638.0,9.0,0.0
234736.0,9.0,0.0
235184.0,9.0,0.0
235193.0,9.0,0.0
235840.0,9.0,0.0
236741.0,9.0,0.0
236864.0,9.0,0.0
236945.0,8.999999999999998,1.7763568394002505e-15
237122.0,8.999999999999998,0.0
237150.0,8.999999999999998,0.0
237172.0,8.999999999999998,0.0
237297.0,8.999999999999998,0.0
237406.0,8.999999999999998,0.0
237488.0,8.999999999999998,0.0
237767.0,8.999999999999998,0.0
237806.0,8.999999999999998,0.0
237901.0,8.999999999999998,0.0
238126.0,8.999999999999996,1.7763568394002505e-15
238165.0,8.999999999999996,0.0
238503.0,8.999999999999996,0.0
238750.0,8.999999999999996,0.0
238926.0,8.999999999999996,0.0
239092.0,8.999999999999996,0.0
239563.0,8.999999999999996,0.0
239708.0,8.999999999999996,0.0
239732.0,8.999999999999996,0.0
239811.0,8.999999999999996,0.0
240347.0,8.999999999999996,0.0
240786.0,8.999999999999996,0.0
240967.0,8.999999999999996,0.0
241430.0,8.999999999999996,0.0
241743.0,8.999999999999996,0.0
241810.0,8.999999999999996,0.0
241822.0,8.999999999999996,0.0
241869.0,8.999999999999996,0.0
242048.0,8.999999999999996,0.0
242351.0,8.999999999999996,0.0
242366.0,8.999999999999996,0.0
242506.0,8.999999999999996,0.0
242941.0,8.999999999999996,0.0
243002.0,8.999999999999996,0.0
243255.0,8.999999999999996,0.0
243445.0,8.999999999999996,0.0
243548.0,8.999999999999996,0.0
243685.0,8.999999999999996,0.0
243944.0,8.999999999999996,0.0
244242.0,8.999999999999996,0.0
244288.0,8.999999999999996,0.0
244441.0,8.999999999999996,0.0
244553.0,8.999999999999996,0.0
244805.0,8.999999999999996,0.0
245008.0,8.999999999999996,0.0
245103.0,8.999999999999996,0.0
245108.0,8.999999999999996,0.0
245194.0,8.999999999999996,0.0
245627.0,8.999999999999996,0.0
246175.0,8.999999999999996,0.0
246184.0,8.999999999999996,0.0
246359.0,8.999999999999996,0.0
246639.0,8.999999999999996,0.0
246884.0,8.999999999999996,0.0
247174.0,8.999999999999996,0.0
247501.0,8.999999999999996,0.0
247813.0,8.999999999999996,0.0
248319.0,8.999999999999996,0.0
248718.0,8.999999999999998,1.7763568394002505e-15
248725.0,8.999999999999998,0.0
248856.0,8.999999999999998,0.0
248945.0,8.999999999999998,0.0
249067.0,8.999999999999998,0.0
249070.0,8.999999999999998,0.0
249132.0,8.999999999999998,0.0
249616.0,8.999999999999998,0.0
249859.0,8.999999999999998,0.0
250846.0,8.999999999999998,0.0
250921.0,8.999999999999998,0.0
250999.0,8.999999999999998,0.0
251210.0,8.999999999999998,0.0
251271.0,8.999999999999998,0.0
252039.0,8.999999999999998,0.0
252716.0,8.999999999999998,0.0
252725.0,9.0,1.7763568394002505e-15
252880.0,9.0,0.0
252915.0,8.999999999999998,1.7763568394002505e-15
252997.0,8.999999999999998,0.0
253926.0,8.999999999999998,0.0
254026.0,8.999999999999998,0.0
254047.0,8.999999999999998,0.0
254421.0,8.999999999999998,0.0
254642.0,8.999999999999998,0.0
255367.0,8.999999999999996,1.7763568394002505e-15
255742.0,8.999999999999998,1.7763568394002505e-15
256007.0,8.999999999999998,0.0
256120.0,8.999999999999998,0.0
256852.0,8.999999999999998,0.0
257366.0,8.999999999999998,0.0
257442.0,8.999999999999998,0.0
257620.0,8.999999999999998,0.0
257701.0,8.999999999999998,0.0
258019.0,8.999999999999998,0.0
258184.0,8.999999999999998,0.0
258217.0,8.999999999999998,0.0
258328.0,8.999999999999998,0.0
258530.0,8.999999999999998,0.0
259214.0,8.999999999999998,0.0
259639.0,8.999999999999998,0.0
259738.0,8.999999999999998,0.0
259762.0,8.999999999999998,0.0
260392.0,8.999999999999998,0.0
260839.0,8.999999999999998,0.0
261166.0,8.999999999999998,0.0
261308.0,8.999999999999998,0.0
261762.0,8.999999999999998,0.0
261772.0,8.999999999999998,0.0
261937.0,9.0,1.7763568394002505e-15
262293.0,9.0,0.0
262386.0,9.0,0.0
262585.0,9.0,0.0
262651.0,9.0,0.0
262768.0,9.0,0.0
263290.0,9.0,0.0
264027.0,9.0,0.0
264511.0,9.0,0.0
264691.0,9.0,0.0
264848.0,9.0,0.0
265323.0,9.0,0.0
266019.0,9.0,0.0
266328.0,9.0,0.0
266996.0,9.0,0.0
267196.0,9.0,0.0
267662.0,9.0,0.0
267715.0,9.0,0.0
267753.0,9.0,0.0
267809.0,9.0,0.0
268027.0,9.0,0.0
268534.0,9.0,0.0
268740.0,9.0,0.0
268811.0,9.0,0.0
269731.0,9.0,0.0
270285.0,9.0,0.0
271462.0,9.0,0.0
272185.0,9.0,0.0
272234.0,9.0,0.0
272369.0,9.0,0.0
272402.0,9.0,0.0
272500.0,9.0,0.0
272548.0,9.0,0.0
272673.0,9.0,0.0
273047.0,9.0,0.0
273405.0,9.0,0.0
273759.0,9.0,0.0
273897.0,9.0,0.0
274077.0,9.0,0.0
274306.0,9.0,0.0
275019.0,9.0,0.0
275303.0,9.0,0.0
275968.0,9.0,0.0
276361.0,9.0,0.0
276781.0,9.0,0.0
277211.0,9.0,0.0
277225.0,9.0,0.0
277291.0,9.0,0.0
277951.0,9.0,0.0
278034.0,9.0,0.0
278100.0,9.0,0.0
278193.0,9.0,0.0
278364.0,9.0,0.0
278576.0,9.0,0.0
278848.0,9.0,0.0
279023.0,9.0,0.0
279306.0,9.0,0.0
279417.0,9.0,0.0
280383.0,9.0,0.0
280604.0,9.0,0.0
280611.0,9.0,0.0
280631.0,9.0,0.0
281086.0,9.0,0.0
281140.0,9.0,0.0
281585.0,9.0,0.0
281665.0,9.0,0.0
281955.0,9.0,0.0
281968.0,9.0,0.0
282575.0,9.0,0.0
282652.0,9.0,0.0
282995.0,9.0,0.0
283335.0,9.0,0.0
283778.0,9.0,0.0
283907.0,9.0,0.0
284015.0,9.0,0.0
284069.0,9.0,0.0
284086.0,9.0,0.0
284312.0,9.0,0.0
284475.0,9.0,0.0
284521.0,9.0,0.0
284690.0,9.0,0.0
284758.0,9.0,0.0
286108.0,9.0,0.0
286801.0,9.0,0.0
286994.0,9.0,0.0
287087.0,9.0,0.0
287233.0,9.0,0.0
287246.0,9.0,0.0
287324.0,9.0,0.0
287370.0,9.0,0.0
287622.0,9.0,0.0
287707.0,9.0,0.0
287725.0,9.0,0.0
287972.0,9.0,0.0
288012.0,9.0,0.0
288053.0,9.0,0.0
288082.0,9.0,0.0
288650.0,9.0,0.0
288911.0,9.0,0.0
288978.0,9.0,0.0
289487.0,9.0,0.0
290357.0,9.0,0.0
291339.0,9.0,0.0
291609.0,9.0,0.0
292179.0,9.0,0.0
292786.0,9.0,0.0
292789.0,9.0,0.0
293051.0,9.0,0.0
293575.0,9.0,0.0
294464.0,9.0,0.0
295796.0,9.0,0.0
296603.0,9.0,0.0
296637.0,9.0,0.0
297169.0,9.0,0.0
298322.0,9.0,0.0
298488.0,9.0,0.0
298593.0,9.0,0.0
300041.0,9.0,0.0
300248.0,9.0,0.0
301373.0,9.0,0.0
301662.0,9.0,0.0
301674.0,9.0,0.0
301806.0,9.0,0.0
304576.0,9.0,0.0
305046.0,9.0,0.0
305393.0,9.0,0.0
305966.0,9.0,0.0
306223.0,9.0,0.0
307447.0,9.0,0.0
307729.0,9.0,0.0
308057.0,9.0,0.0
309507.0,9.0,0.0
309841.0,9.0,0.0
310109.0,9.0,0.0
310867.0,9.000000000000002,1.7763568394002505e-15
311692.0,9.000000000000002,0.0
311749.0,9.0,1.7763568394002505e-15
312041.0,9.0,0.0
312078.0,9.000000000000002,1.7763568394002505e-15
313071.0,9.000000000000002,0.0
313236.0,9.000000000000004,1.7763568394002505e-15
313953.0,9.000000000000004,0.0
314262.0,9.000000000000004,0.0
314614.0,9.000000000000004,0.0
314779.0,9.000000000000004,0.0
315172.0,9.000000000000004,0.0
315251.0,9.000000000000004,0.0
315298.0,9.000000000000004,0.0
317564.0,9.000000000000004,0.0
317591.0,9.000000000000004,0.0
318414.0,9.000000000000004,0.0
318739.0,9.000000000000004,0.0
319714.0,9.000000000000004,0.0
319784.0,9.000000000000004,0.0
320076.0,9.000000000000002,1.7763568394002505e-15
320711.0,9.000000000000002,0.0
320907.0,9.000000000000002,0.0
321163.0,9.000000000000002,0.0
321360.0,9.000000000000002,0.0
321477.0,9.000000000000002,0.0
321535.0,9.000000000000002,0.0
322898.0,9.000000000000002,0.0
323745.0,9.000000000000002,0.0
324389.0,9.000000000000002,0.0
324395.0,9.000000000000002,0.0
325541.0,9.000000000000002,0.0
325641.0,9.000000000000002,0.0
325677.0,9.000000000000002,0.0
326118.0,9.000000000000002,0.0
327007.0,9.000000000000002,0.0
327054.0,9.000000000000002,0.0
327911.0,9.000000000000002,0.0
329260.0,9.0,1.7763568394002505e-15
329495.0,9.0,0.0
329567.0,9.0,0.0
329935.0,9.0,0.0
330283.0,9.0,0.0
331320.0,9.0,0.0
331476.0,9.0,0.0
331642.0,9.0,0.0
331788.0,9.000000000000002,1.7763568394002505e-15
331960.0,9.000000000000002,0.0
332329.0,9.0,1.7763568394002505e-15
332363.0,9.0,0.0
332822.0,9.0,0.0
332826.0,9.0,0.0
333760.0,9.0,0.0
335804.0,9.0,0.0
336604.0,9.0,0.0
336696.0,9.0,0.0
336814.0,8.999999999999998,1.7763568394002505e-15
337460.0,8.999999999999998,0.0
337849.0,8.999999999999998,0.0
338727.0,8.999999999999998,0.0
339017.0,8.999999999999998,0.0
339211.0,8.999999999999998,0.0
339605.0,8.999999999999998,0.0
339679.0,9.0,1.7763568394002505e-15
340077.0,9.0,0.0
340185.0,9.0,0.0
340761.0,9.0,0.0
341574.0,9.0,0.0
342051.0,9.0,0.0
342055.0,9.0,0.0
342104.0,9.0,0.0
343406.0,9.0,0.0
345936.0,9.0,0.0
346206.0,9.0,0.0
348938.0,9.0,0.0
350100.0,9.0,0.0
350909.0,9.0,0.0
350974.0,9.000000000000002,1.7763568394002505e-15
351439.0,9.000000000000002,0.0
352287.0,9.0,1.7763568394002505e-15
352577.0,9.0,0.0
352670.0,9.0,0.0
352923.0,9.0,0.0
353050.0,9.0,0.0
353490.0,9.0,0.0
353950.0,9.000000000000002,1.7763568394002505e-15
354695.0,9.000000000000002,0.0
355982.0,9.000000000000002,0.0
356131.0,9.000000000000002,0.0
356608.0,9.0,1.7763568394002505e-15
356811.0,9.0,0.0
356948.0,9.0,0.0
357139.0,9.0,0.0
358984.0,9.0,0.0
359320.0,9.0,0.0
359517.0,8.999999999999998,1.7763568394002505e-15
359738.0,8.999999999999998,0.0
359761.0,8.999999999999998,0.0
364369.0,9.0,1.7763568394002505e-15
364434.0,9.0,0.0
365278.0,9.0,0.0
365342.0,9.0,0.0
366057.0,9.0,0.0
366145.0,9.0,0.0
366866.0,9.0,0.0
367194.0,9.0,0.0
367224.0,8.999999999999998,1.7763568394002505e-15
367774.0,9.0,1.7763568394002505e-15
368719.0,9.0,0.0
370010.0,9.0,0.0
370138.0,9.0,0.0
370281.0,9.0,0.0
370465.0,9.0,0.0
370773.0,9.0,0.0
370896.0,9.0,0.0
371283.0,9.0,0.0
371404.0,9.0,0.0
372819.0,9.0,0.0
373141.0,9.0,0.0
374337.0,9.0,0.0
374701.0,9.0,0.0
375644.0,9.0,0.0
376724.0,9.0,0.0
378384.0,9.0,0.0
379122.0,9.0,0.0
380153.0,9.0,0.0
380158.0,9.0,0.0
381560.0,9.0,0.0
382116.0,9.000000000000002,1.7763568394002505e-15
383245.0,9.000000000000002,0.0
383838.0,9.000000000000002,0.0
384270.0,9.000000000000002,0.0
387213.0,9.000000000000004,1.7763568394002505e-15
387756.0,9.000000000000004,0.0
387904.0,9.000000000000004,0.0
388697.0,9.000000000000004,0.0
389547.0,9.000000000000002,1.7763568394002505e-15
391115.0,9.000000000000002,0.0
391616.0,9.000000000000002,0.0
392146.0,9.000000000000002,0.0
392240.0,9.000000000000004,1.7763568394002505e-15
394135.0,9.000000000000004,0.0
394299.0,9.000000000000004,0.0
394386.0,9.000000000000004,0.0
394557.0,9.000000000000004,0.0
394608.0,9.000000000000004,0.0
395050.0,9.000000000000004,0.0
395119.0,9.000000000000004,0.0
399632.0,9.000000000000004,0.0
399947.0,9.000000000000004,0.0
400170.0,9.000000000000004,0.0
401230.0,9.000000000000004,0.0
401537.0,9.000000000000004,0.0
402528.0,9.000000000000002,1.7763568394002505e-15
402638.0,9.000000000000002,0.0
402768.0,9.0,1.7763568394002505e-15
404110.0,9.0,0.0
404179.0,9.0,0.0
406195.0,9.0,0.0
406299.0,9.0,0.0
406542.0,9.0,0.0
408531.0,9.0,0.0
411146.0,8.999999999999998,1.7763568394002505e-15
411355.0,8.999999999999998,0.0
411566.0,8.999999999999998,0.0
412234.0,8.999999999999998,0.0
412562.0,8.999999999999998,0.0
415287.0,8.999999999999998,0.0
417456.0,8.999999999999998,0.0
417727.0,8.999999999999998,0.0
417833.0,8.999999999999998,0.0
419870.0,8.999999999999998,0.0
420023.0,8.999999999999998,0.0
420091.0,8.999999999999998,0.0
420789.0,9.0,1.7763568394002505e-15
421258.0,9.0,0.0
421767.0,9.000000000000002,1.7763568394002505e-15
421892.0,9.000000000000002,0.0
423572.0,9.000000000000004,1.7763568394002505e-15
424890.0,9.000000000000004,0.0
426610.0,9.000000000000004,0.0
428791.0,9.000000000000002,1.7763568394002505e-15
432975.0,9.000000000000002,0.0
433369.0,9.000000000000002,0.0
433549.0,9.0,1.7763568394002505e-15
433697.0,9.0,0.0
435256.0,9.000000000000002,1.7763568394002505e-15
435795.0,9.000000000000002,0.0
436164.0,9.000000000000002,0.0
439189.0,9.000000000000002,0.0
441099.0,9.000000000000002,0.0
441833.0,9.000000000000002,0.0
442167.0,9.000000000000004,1.7763568394002505e-15
444154.0,9.000000000000002,1.7763568394002505e-15
444306.0,9.000000000000002,0.0
444351.0,9.000000000000002,0.0
448793.0,9.000000000000002,0.0
448843.0,9.000000000000002,0.0
449202.0,9.000000000000002,0.0
449822.0,9.000000000000002,0.0
450305.0,9.000000000000002,0.0
450765.0,9.000000000000002,0.0
451547.0,9.000000000000002,0.0
452060.0,9.000000000000002,0.0
456576.0,9.000000000000002,0.0
458469.0,9.000000000000002,0.0
459075.0,9.000000000000002,0.0
459105.0,9.000000000000002,0.0
464331.0,9.000000000000002,0.0
464380.0,9.0,1.7763568394002505e-15
465084.0,9.0,0.0
465859.0,9.0,0.0
467217.0,9.0,0.0
467913.0,9.0,0.0
468076.0,9.0,0.0
469986.0,9.0,0.0
470043.0,9.0,0.0
471253.0,9.0,0.0
471274.0,9.0,0.0
471772.0,9.0,0.0
472132.0,8.999999999999998,1.7763568394002505e-15
473043.0,8.999999999999998,0.0
473671.0,8.999999999999998,0.0
474010.0,8.999999999999998,0.0
475794.0,8.999999999999998,0.0
476027.0,8.999999999999996,1.7763568394002505e-15
477357.0,8.999999999999996,0.0
477790.0,8.999999999999996,0.0
479424.0,8.999999999999996,0.0
482111.0,8.999999999999996,0.0
483519.0,8.999999999999996,0.0
484245.0,8.999999999999996,0.0
485496.0,8.999999999999996,0.0
486025.0,8.999999999999996,0.0
486108.0,8.999999999999996,0.0
486250.0,8.999999999999996,0.0
490531.0,8.999999999999996,0.0
491192.0,8.999999999999996,0.0
492283.0,8.999999999999996,0.0
493814.0,8.999999999999996,0.0
495514.0,8.999999999999996,0.0
496075.0,8.999999999999996,0.0
497210.0,8.999999999999996,0.0
497787.0,8.999999999999996,0.0
499612.0,8.999999999999996,0.0
500182.0,8.999999999999996,0.0
504102.0,8.999999999999996,0.0
505363.0,8.999999999999996,0.0
505862.0,8.999999999999996,0.0
506402.0,8.999999999999996,0.0
514165.0,8.999999999999996,0.0
516254.0,8.999999999999996,0.0
516294.0,8.999999999999996,0.0
519704.0,8.999999999999996,0.0
521199.0,8.999999999999996,0.0
521860.0,8.999999999999996,0.0
521865.0,8.999999999999996,0.0
528995.0,8.999999999999996,0.0
530601.0,8.999999999999998,1.7763568394002505e-15
531383.0,8.999999999999996,1.7763568394002505e-15
531400.0,8.999999999999996,0.0
532773.0,8.999999999999996,0.0
533359.0,8.999999999999996,0.0
536518.0,8.999999999999996,0.0
536849.0,8.999999999999996,0.0
537869.0,8.999999999999996,0.0
538362.0,8.999999999999996,0.0
547149.0,8.999999999999996,0.0
554894.0,8.999999999999996,0.0
555735.0,8.999999999999995,1.7763568394002505e-15
556997.0,8.999999999999995,0.0
558610.0,8.999999999999995,0.0
567557.0,8.999999999999996,1.7763568394002505e-15
572537.0,8.999999999999996,0.0
574652.0,8.999999999999996,0.0
579729.0,8.999999999999996,0.0
582773.0,8.999999999999996,0.0
584436.0,8.999999999999996,0.0
587916.0,8.999999999999996,0.0
589221.0,8.999999999999996,0.0
590034.0,8.999999999999996,0.0
592144.0,8.999999999999996,0.0
592991.0,8.999999999999996,0.0
593415.0,8.999999999999998,1.7763568394002505e-15
593711.0,8.999999999999998,0.0
601371.0,8.999999999999998,0.0
605686.0,8.999999999999998,0.0
607377.0,8.999999999999998,0.0
614724.0,8.999999999999998,0.0
622666.0,8.999999999999998,0.0
625231.0,8.999999999999998,0.0
627472.0,8.999999999999998,0.0
628860.0,8.999999999999996,1.7763568394002505e-15
628924.0,8.999999999999996,0.0
634849.0,8.999999999999996,0.0
635439.0,8.999999999999998,1.7763568394002505e-15
636440.0,8.999999999999998,0.0
638327.0,8.999999999999998,0.0
641154.0,8.999999999999998,0.0
642026.0,9.0,1.7763568394002505e-15
646049.0,9.0,0.0
649712.0,9.0,0.0
651612.0,9.0,0.0
654060.0,9.0,0.0
657976.0,8.999999999999998,1.7763568394002505e-15
659675.0,8.999999999999996,1.7763568394002505e-15
671666.0,8.999999999999996,0.0
671961.0,8.999999999999996,0.0
676003.0,8.999999999999996,0.0
679999.0,8.999999999999998,1.7763568394002505e-15
691125.0,8.999999999999998,0.0
693308.0,8.999999999999998,0.0
695518.0,8.999999999999998,0.0
697617.0,8.999999999999998,0.0
698913.0,8.999999999999998,0.0
701269.0,8.999999999999998,0.0
703964.0,8.999999999999998,0.0
707090.0,9.0,1.7763568394002505e-15
715281.0,9.000000000000002,1.7763568394002505e-15
716630.0,9.000000000000002,0.0
717057.0,9.000000000000002,0.0
718145.0,9.000000000000002,0.0
722735.0,9.000000000000002,0.0
723916.0,9.000000000000002,0.0
724037.0,9.000000000000002,0.0
750939.0,9.000000000000002,0.0
758282.0,9.000000000000002,0.0
758808.0,9.0,1.7763568394002505e-15
769504.0,9.0,0.0
783990.0,9.000000000000002,1.7763568394002505e-15
791590.0,9.000000000000002,0.0
796547.0,9.000000000000002,0.0
798315.0,9.0,1.7763568394002505e-15
823764.0,9.0,0.0
845197.0,9.0,0.0
848977.0,9.0,0.0
899449.0,9.0,0.0
933371.0,9.0,0.0
